Product,Sales,Region,Profit
Phone,31845,North,6896
Mouse,25737,North,15964
Tablet,84569,East,13975
Laptop,53380,South,15177
Tablet,91502,South,14040
Mouse,4151,North,6548
Laptop,55443,North,10233
Laptop,2619,North,9422
Laptop,54985,East,11971
Laptop,85497,South,14493
Tablet,45987,North,3963
Laptop,19633,East,14829
Keyboard,21060,East,12660
Mouse,30218,West,17962
Phone,8800,North,3940
Monitor,33491,West,8406
Keyboard,85077,South,9242
Tablet,15662,South,15367
Phone,9377,East,5582
Mouse,66936,West,12375
Monitor,8490,East,11132
Mouse,18322,East,1948
Keyboard,27798,North,11023
Mouse,67536,East,15307
Keyboard,97675,East,12341
Keyboard,63147,East,2799
Phone,93775,West,3877
Monitor,93115,West,6443
Mouse,76747,North,13442
Keyboard,64136,East,14149
Keyboard,85846,South,16070
Keyboard,82433,West,4638
Keyboard,59976,North,8863
Phone,30013,North,17845
Laptop,85407,West,7104
Monitor,98330,East,5520
Laptop,63974,South,7143
Laptop,16047,East,5408
Keyboard,48618,West,17853
Tablet,67819,South,6045
Keyboard,88877,West,13189
Keyboard,33332,East,19871
Laptop,55042,West,10799
Mouse,40706,West,8420
Monitor,52283,North,16341
Phone,89057,West,6094
Keyboard,33072,West,4237
Tablet,92446,South,10138
Phone,96294,East,4854
Mouse,3164,East,4347
Monitor,54395,West,6498
Monitor,32019,South,10281
Tablet,70190,South,19839
Keyboard,38331,West,16818
Keyboard,49533,East,17688
Monitor,54847,South,903
Mouse,5811,North,4706
Mouse,61873,West,9531
Laptop,50933,North,10945
Phone,75509,South,12546
Keyboard,11810,West,4962
Mouse,25931,West,9801
Tablet,31556,West,7306
Monitor,56847,South,4208
Tablet,48121,North,15989
Tablet,80927,East,15831
Tablet,29136,South,2104
Monitor,34955,East,11550
Mouse,91927,South,17729
Mouse,61242,West,10018
Laptop,56087,West,18202
Tablet,45222,West,18958
Mouse,31467,North,19487
Laptop,61646,West,15760
Tablet,96433,South,17656
Monitor,20277,East,5025
Monitor,59257,North,4407
Laptop,59928,North,5413
Monitor,98613,West,11965
Keyboard,16518,South,10880
Tablet,57381,North,2006
Phone,88511,East,7765
Phone,88227,South,17824
Tablet,56520,North,457
Laptop,5293,East,18459
Laptop,82845,North,3867
Phone,74174,East,17777
Laptop,52426,North,14593
Phone,76885,West,11111
Mouse,31743,East,10328
Tablet,62838,North,7956
Laptop,67927,West,17614
Mouse,22577,West,6519
Keyboard,59479,West,15158
Phone,96665,North,13235
Mouse,28619,West,6104
Laptop,22513,West,14684
Tablet,1461,North,4303
Monitor,72987,North,10308
Laptop,98690,North,6398
Laptop,11661,North,5029
Mouse,13697,South,7142
Mouse,58192,North,1228
Keyboard,44358,North,8582
Phone,42273,East,19144
Laptop,15556,West,10653
Laptop,87923,South,19789
Phone,48139,North,15867
Phone,20946,East,6169
Phone,66520,East,4634
Laptop,21120,East,19741
Phone,50822,West,12778
Mouse,39133,North,13555
Phone,27691,East,12779
Mouse,19328,West,9932
Mouse,28156,North,7819
Mouse,82040,South,17061
Monitor,52670,South,13639
Phone,92818,North,13018
Laptop,8412,South,9396
Keyboard,26534,North,17027
Mouse,73432,West,7896
Laptop,78727,North,5116
Phone,82189,North,16942
Monitor,6022,East,3569
Mouse,29184,West,17219
Keyboard,37769,North,14140
Tablet,2624,West,18363
Monitor,91524,East,16770
Tablet,39021,East,5538
Tablet,4579,West,17727
Phone,66725,East,9305
Keyboard,77667,East,15735
Tablet,74516,West,11482
Phone,5810,East,2208
Laptop,35436,West,1256
Mouse,26468,North,19634
Monitor,67482,South,3118
Phone,71610,East,9407
Mouse,45963,East,17287
Laptop,89353,West,12587
Keyboard,86399,West,2224
Phone,69452,West,15307
Keyboard,63396,South,4342
Mouse,62146,East,1155
Tablet,13743,West,9288
Monitor,37160,South,17848
Keyboard,66582,South,8446
Monitor,81113,North,17081
Keyboard,19442,East,7287
Phone,87542,West,6001
Laptop,49047,North,3815
Phone,72696,North,12659
Laptop,69499,South,10258
Phone,37166,West,2773
Laptop,20385,North,2890
Mouse,26895,East,15878
Monitor,78320,West,4489
Tablet,39100,South,5968
Phone,17873,East,2616
Monitor,20206,West,2310
Keyboard,54671,North,5839
Mouse,15897,North,11517
Tablet,73928,East,4590
Mouse,58667,South,14975
Tablet,87678,West,14897
Mouse,38467,North,16470
Mouse,90333,East,9094
Monitor,42275,East,12690
Keyboard,64440,North,17706
Mouse,88944,South,9077
Laptop,48048,East,7901
Keyboard,54266,South,11090
Keyboard,38450,East,5981
Monitor,73808,East,9188
Tablet,66175,North,11437
Monitor,70644,South,2118
Laptop,88506,North,10642
Phone,36012,West,16775
Mouse,41779,East,9995
Mouse,21869,West,17775
Mouse,52086,East,11779
Monitor,7920,East,13712
Monitor,34631,North,748
Tablet,32976,East,17778
Phone,56519,North,19924
Laptop,28515,West,10317
Tablet,21566,North,3179
Laptop,47876,North,11198
Tablet,95325,West,741
Laptop,70974,East,3694
Monitor,87219,North,1919
Keyboard,12064,North,15021
Laptop,11703,South,19239
Mouse,47084,East,10736
Monitor,57056,South,3594
Laptop,71056,East,16373
Keyboard,58840,East,6842
Laptop,44091,West,7961
Laptop,24364,East,9415
Tablet,92911,East,1961
Laptop,42382,South,441
Laptop,49668,East,12634
Keyboard,58311,South,16121
Laptop,17306,North,6265
Monitor,40638,West,3343
Monitor,90997,South,17058
Phone,28954,West,7884
Keyboard,92208,North,10342
Laptop,7201,East,10882
Tablet,60107,West,4939
Mouse,88311,South,923
Tablet,46234,West,18399
Tablet,25954,South,3703
Keyboard,49501,South,12059
Tablet,25701,North,18387
Keyboard,91861,East,15149
Phone,24970,North,13902
Tablet,86645,South,12656
Laptop,57788,East,5022
Keyboard,98863,West,12099
Keyboard,66039,South,9692
Tablet,16534,North,19570
Monitor,36348,East,13496
Laptop,15169,North,2474
Phone,58067,West,7597
Monitor,12831,South,9626
Mouse,83440,North,4135
Mouse,61883,East,12114
Keyboard,8640,North,17093
Monitor,36892,South,1208
Phone,65567,South,9111
Phone,94949,North,17271
Laptop,71145,North,2417
Monitor,34131,South,17577
Phone,78987,North,14336
Keyboard,76735,West,13553
Mouse,1719,West,19297
Monitor,15418,North,7416
Mouse,9620,West,2934
Phone,1151,South,17069
Mouse,77990,North,2671
Mouse,19683,South,17788
Tablet,29371,East,7604
Tablet,92402,East,13011
Keyboard,89354,North,8383
Laptop,76399,South,9881
Tablet,44819,North,16850
Monitor,6188,North,19859
Phone,75366,North,3997
Laptop,12412,East,19053
Monitor,60915,North,2108
Tablet,44303,West,4430
Laptop,8461,South,4939
Keyboard,3880,South,4852
Laptop,18310,North,1699
Tablet,13300,East,18165
Tablet,23454,West,12660
Tablet,62407,East,17206
Mouse,37590,East,12588
Tablet,34613,West,1842
Mouse,91726,West,13479
Mouse,89001,South,10795
Laptop,34262,North,11645
Tablet,76260,West,10041
Keyboard,45414,South,12027
Mouse,71230,East,12556
Keyboard,80342,West,8635
Monitor,46847,East,8527
Mouse,10715,North,13091
Mouse,89099,West,7285
Tablet,6831,East,6960
Laptop,55516,East,18789
Monitor,31840,South,3679
Phone,9779,South,18603
Mouse,88993,South,5942
Monitor,55547,North,8293
Phone,19331,East,19225
Laptop,65943,North,11619
Monitor,91960,East,6515
Mouse,19344,West,8761
Keyboard,10404,North,15508
Keyboard,27849,South,5307
Keyboard,3296,East,7424
Phone,31004,North,2091
Keyboard,59045,North,12552
Tablet,36505,East,7356
Mouse,98538,North,9961
Mouse,1987,North,186
Mouse,4416,North,19684
Phone,92086,South,9657
Mouse,8501,East,3720
Monitor,70063,East,280
Laptop,44324,South,15452
Tablet,11573,East,6620
Tablet,22124,West,12076
Monitor,80304,North,7370
Phone,18005,South,1492
Phone,12760,East,9074
Mouse,94655,West,8716
Keyboard,92574,South,18025
Mouse,66383,West,16004
Phone,70000,West,9975
Laptop,41127,East,19896
Laptop,21279,South,16051
Laptop,7920,North,3179
Tablet,12448,East,10367
Tablet,89718,East,16911
Monitor,47430,South,6577
Tablet,46436,East,17362
Laptop,56990,South,14159
Keyboard,30872,East,6470
Monitor,13199,East,2369
Keyboard,18251,West,10746
Laptop,35322,North,2791
Laptop,13878,North,1893
Mouse,72512,North,427
Laptop,60210,South,12904
Laptop,42614,West,13115
Keyboard,60882,East,9279
Laptop,23175,South,9194
Mouse,32005,North,17829
Laptop,27702,South,19251
Phone,27402,West,1256
Keyboard,99477,South,11217
Mouse,82281,South,6354
Laptop,63120,North,12244
Monitor,76781,West,4582
Laptop,57501,West,19447
Mouse,77926,South,1285
Keyboard,58290,North,16309
Phone,92230,South,18711
Tablet,1816,South,2288
Keyboard,63727,North,14193
Phone,98251,West,3264
Tablet,7397,South,3969
Keyboard,29463,South,10186
Keyboard,65871,North,7530
Mouse,51624,South,14267
Monitor,66529,East,2925
Keyboard,11816,North,8052
Mouse,95009,East,19928
Monitor,21554,West,13320
Phone,24281,North,17794
Keyboard,2236,North,3131
Mouse,65416,West,13541
Monitor,71774,East,18013
Keyboard,76921,West,2747
Laptop,71399,West,19958
Keyboard,26393,North,8518
Laptop,72185,West,14469
Tablet,9412,North,19502
Tablet,9457,North,14716
Phone,62157,South,9391
Monitor,65590,South,15541
Phone,17798,West,18934
Monitor,31406,South,7356
Keyboard,22268,North,9815
Keyboard,12924,South,6090
Mouse,64896,South,8283
Keyboard,40564,North,12687
Tablet,39470,West,9381
Monitor,77378,South,7827
Phone,34324,North,19822
Mouse,14351,West,2665
Mouse,54998,North,16974
Phone,89544,East,18914
Keyboard,9198,East,17545
Tablet,95016,West,8130
Mouse,97409,North,916
Mouse,37549,East,8230
Laptop,17869,South,1773
Monitor,29548,South,12029
Phone,80289,North,17483
Phone,50317,West,18541
Monitor,99873,West,7104
Keyboard,17390,South,5499
Tablet,56534,East,1087
Monitor,67875,East,8448
Tablet,8454,North,17894
Mouse,52948,East,16391
Mouse,99118,North,9256
Phone,4186,West,11439
Mouse,14688,South,16882
Laptop,6269,West,829
Monitor,85255,North,13365
Laptop,46682,West,16973
Monitor,37875,North,4462
Keyboard,35177,East,5944
Laptop,69907,South,2987
Mouse,30142,North,12525
Mouse,50688,South,19266
Phone,93997,West,18343
Monitor,93188,South,5313
Laptop,44418,South,6706
Tablet,43834,South,10291
Monitor,95481,East,9535
Monitor,47593,North,17588
Mouse,55481,North,12023
Laptop,50193,West,782
Keyboard,39919,West,2358
Tablet,42703,East,4892
Mouse,78762,East,969
Keyboard,60007,East,3094
Mouse,13837,South,11608
Laptop,70613,South,1041
Phone,80606,North,17320
Keyboard,55967,North,17481
Phone,64360,North,12807
Keyboard,39316,South,17145
Tablet,40787,West,16426
Laptop,48480,North,5232
Tablet,21297,East,3626
Tablet,96055,North,15711
Monitor,5131,South,14093
Phone,27514,East,5561
Keyboard,76916,South,11116
Phone,8853,South,191
Phone,63602,East,1890
Tablet,41440,West,6936
Phone,82840,West,2398
Phone,52292,North,18287
Tablet,37352,South,1005
Phone,22492,West,2016
Mouse,18986,West,15573
Monitor,15758,West,18302
Phone,14068,West,12127
Monitor,13546,East,1965
Tablet,93738,East,4197
Phone,41467,North,15622
Laptop,80886,West,4646
Phone,30007,West,19771
Tablet,47309,West,10222
Monitor,50703,East,4541
Keyboard,54974,South,13219
Mouse,3190,East,7652
Keyboard,18417,North,12580
Phone,37554,East,7065
Keyboard,62874,North,19527
Keyboard,81453,East,1106
Phone,1428,South,14568
Mouse,35463,North,3286
Monitor,78179,North,18348
Keyboard,20047,West,10337
Mouse,67362,South,9562
Mouse,93652,South,5121
Keyboard,69394,West,5139
Tablet,3189,West,17324
Laptop,65742,South,9152
Keyboard,90147,East,12562
Tablet,41771,East,5968
Mouse,79886,North,7576
Laptop,21786,East,10362
Tablet,28166,South,12670
Phone,13694,West,4389
Phone,61587,South,1381
Tablet,5560,East,14931
Monitor,34280,South,13418
Laptop,33072,West,9858
Mouse,92533,South,2724
Monitor,8948,North,14588
Phone,97439,West,19340
Phone,71224,North,13955
Monitor,13350,South,5696
Monitor,49347,West,13075
Tablet,97263,South,9926
Laptop,46892,North,12523
Tablet,64341,North,6854
Monitor,98899,West,7884
Tablet,53160,South,960
Mouse,56214,West,5829
Monitor,88119,West,13331
Laptop,82956,East,14757
Tablet,90747,South,926
Monitor,66629,North,1307
Monitor,4585,East,6055
Keyboard,50230,East,15256
Monitor,24296,West,11939
Laptop,59047,West,16811
Mouse,11675,East,10592
Keyboard,60498,West,19184
Laptop,26029,West,3903
Phone,49216,North,8286
Tablet,89569,West,7200
Phone,15023,West,734
Tablet,4560,West,7735
Monitor,9012,West,10813
Mouse,74251,West,4871
Phone,60366,East,15357
Keyboard,82049,West,14614
Phone,17559,West,3641
Keyboard,96207,North,17994
Laptop,67633,South,9019
Laptop,98063,North,15693
Mouse,5382,South,19683
Monitor,56622,West,19705
Monitor,19567,South,18524
Mouse,63446,East,8064
Laptop,30608,West,4839
Monitor,24154,South,12872
Monitor,59286,East,8198
Laptop,29934,South,2304
Tablet,48815,West,16899
Phone,43954,East,3666
Mouse,39230,South,3990
Keyboard,26713,North,3878
Laptop,46191,North,18006
Phone,87821,South,6102
Monitor,85311,South,8546
Phone,10623,East,6624
Laptop,90335,South,12741
Laptop,41835,South,17483
Laptop,70031,South,11244
Phone,28599,East,10242
Keyboard,95937,North,9164
Laptop,53785,West,1725
Phone,81976,West,10510
Mouse,36019,East,19483
Monitor,72903,East,18825
Laptop,70042,South,19622
Tablet,22785,West,11499
Phone,82627,West,2487
Mouse,9423,South,5786
Laptop,88406,West,3020
Monitor,79362,South,10851
Laptop,66358,North,12204
Mouse,39766,West,17728
Laptop,50218,North,11829
Laptop,35341,South,16219
Tablet,43023,West,19948
Tablet,8601,East,15842
Tablet,35721,East,10197
Keyboard,50096,North,5331
Monitor,9384,North,10872
Monitor,54695,North,7636
Laptop,80104,North,671
Laptop,88700,East,10667
Keyboard,94790,North,9684
Monitor,65251,South,17753
Phone,54529,East,7078
Keyboard,27591,West,16809
Keyboard,54129,South,5541
Phone,62107,North,13477
Phone,64472,South,1102
Keyboard,49539,North,2422
Monitor,53820,North,1519
Keyboard,28427,North,19188
Keyboard,32071,West,16865
Keyboard,11868,East,16038
Laptop,22471,South,19316
Tablet,8633,East,7102
Keyboard,70276,East,1337
Mouse,18407,West,16664
Monitor,70896,East,1196
Mouse,71122,East,15818
Phone,33303,West,14650
Keyboard,51899,North,6176
Monitor,64047,West,5932
Mouse,73070,South,1774
Keyboard,25300,South,18167
Laptop,26023,West,1104
Mouse,9086,East,6375
Mouse,87820,South,4111
Tablet,71420,East,8635
Tablet,84856,North,16673
Tablet,3983,West,8343
Tablet,36357,North,7376
Phone,46145,West,3926
Monitor,12943,East,18991
Tablet,75395,North,12509
Keyboard,94244,South,7688
Phone,24738,South,5510
Tablet,16441,West,18351
Laptop,21597,East,17652
Laptop,16160,East,12686
Keyboard,83442,East,4518
Mouse,34057,South,18771
Monitor,32120,South,17341
Monitor,8602,South,2839
Monitor,15988,West,9413
Laptop,18368,South,4896
Monitor,9964,West,10508
Mouse,18787,West,8055
Keyboard,81491,South,19571
Phone,53435,North,14780
Keyboard,90036,North,2718
Keyboard,38505,West,6640
Laptop,44541,East,3826
Tablet,36372,West,429
Monitor,11603,West,18343
Keyboard,55549,North,204
Laptop,73943,East,7722
Tablet,13676,East,19307
Phone,72911,North,11810
Phone,12631,West,14871
Laptop,68901,North,15163
Mouse,89923,South,14045
Monitor,23651,North,5469
Tablet,64020,East,19361
Laptop,32250,South,6056
Laptop,69317,West,12176
Laptop,41771,East,6173
Tablet,31019,South,9703
Monitor,16462,West,11931
Mouse,98873,South,5895
Phone,19969,West,18677
Mouse,39345,South,4710
Phone,10308,North,7866
Tablet,38179,West,4077
Phone,40800,South,5226
Keyboard,18613,West,16365
Laptop,71538,South,405
Monitor,10683,South,5065
Monitor,55998,North,18248
Keyboard,95412,North,1765
Phone,18071,South,538
Tablet,36757,South,11839
Phone,58865,West,13277
Tablet,76420,West,16003
Laptop,12743,East,12813
Phone,11267,South,19532
Phone,8112,East,17858
Tablet,31431,South,4827
Mouse,67221,South,925
Phone,44394,East,12640
Laptop,25602,West,7960
Tablet,78035,West,12211
Keyboard,1909,East,12063
Keyboard,52141,West,17052
Monitor,69438,East,7997
Phone,22719,East,10483
Monitor,13252,East,18231
Monitor,98506,West,8544
Keyboard,95010,West,7791
Mouse,6262,West,4282
Mouse,77675,North,7255
Mouse,83179,West,4910
Laptop,81542,North,1484
Mouse,31216,West,15794
Tablet,59748,South,1524
Phone,68224,East,10302
Mouse,7228,West,18742
Keyboard,80692,South,13806
Monitor,14567,North,4962
Phone,49662,South,2549
Mouse,95724,West,8780
Monitor,5016,East,418
Monitor,53179,North,9258
Phone,93852,North,8079
Tablet,7263,South,13735
Mouse,51797,South,17885
Tablet,91030,South,13165
Tablet,6831,South,1715
Keyboard,26499,South,9028
Keyboard,75964,North,3594
Laptop,46069,West,2599
Laptop,27816,West,1722
Mouse,30648,North,7615
Phone,57379,North,4244
Phone,29713,North,11787
Tablet,23200,South,8448
Tablet,92431,West,3123
Mouse,66485,South,10056
Keyboard,84215,West,2263
Phone,99460,East,16680
Keyboard,27923,South,17241
Keyboard,43445,South,17074
Phone,25189,North,3668
Phone,9886,East,11570
Monitor,65249,North,13840
Monitor,47713,South,4260
Phone,73854,South,6312
Monitor,7426,South,14928
Keyboard,60482,East,6847
Laptop,55395,West,12727
Laptop,20158,South,7872
Phone,11546,East,7667
Tablet,1283,South,3680
Tablet,6155,North,7478
Laptop,97248,North,7155
Mouse,21423,North,13637
Monitor,77973,North,439
Mouse,35795,West,7708
Laptop,58543,West,7683
Keyboard,34976,East,750
Monitor,48434,South,3830
Laptop,61125,South,6192
Phone,11602,East,1804
Mouse,99772,North,13498
Phone,35119,North,8259
Laptop,66008,East,16907
Monitor,35853,East,10574
Phone,60443,East,15774
Phone,45876,East,6670
Laptop,26272,South,3579
Phone,63749,West,11487
Tablet,80133,South,9792
Laptop,6905,East,565
Keyboard,97349,North,3273
Keyboard,71799,North,14907
Keyboard,86309,South,10712
Mouse,79028,North,8709
Mouse,40526,East,2470
Laptop,21763,North,5955
Mouse,41175,North,18377
Laptop,40575,West,3487
Tablet,12442,South,11931
Keyboard,92047,West,18230
Keyboard,82716,South,4311
Phone,27820,North,7439
Tablet,58880,South,12195
Laptop,11506,West,13679
Laptop,96083,North,4884
Laptop,16450,West,17230
Mouse,25627,East,5630
Mouse,8465,North,14776
Phone,74578,North,774
Tablet,56642,North,2925
Phone,59771,West,7831
Laptop,58115,South,8335
Keyboard,18267,East,13884
Keyboard,48071,West,19298
Monitor,71023,West,5788
Keyboard,79515,East,7983
Laptop,26437,North,15526
Laptop,12983,South,7527
Mouse,8810,West,12946
Mouse,45637,South,1409
Phone,88260,East,2637
Monitor,16606,West,19996
Tablet,60913,North,5769
Phone,74230,North,19921
Laptop,75507,North,10371
Keyboard,37640,West,15922
Phone,90602,South,4463
Tablet,57031,West,3650
Monitor,76095,North,4626
Monitor,25456,West,16152
Phone,7163,West,2197
Monitor,71598,West,3002
Tablet,27758,South,10656
Tablet,87736,North,19488
Mouse,82364,East,583
Phone,31900,South,17713
Laptop,70850,North,9831
Monitor,47504,South,16172
Phone,91317,West,7250
Keyboard,11909,East,5889
Laptop,64884,East,9587
Keyboard,93276,East,5707
Mouse,91571,West,6762
Monitor,98431,South,1431
Laptop,3641,West,2212
Monitor,13145,South,9883
Laptop,89920,West,14121
Mouse,49673,North,9872
Laptop,58878,East,6234
Mouse,81477,North,19759
Monitor,6602,East,10325
Keyboard,64432,East,10755
Tablet,93713,East,19256
Tablet,82037,South,13031
Tablet,69209,East,575
Keyboard,24484,South,14305
Keyboard,31005,North,1514
Mouse,38646,West,16665
Phone,65032,East,11256
Tablet,67016,North,3818
Keyboard,10222,North,19778
Mouse,61562,East,11094
Tablet,66323,East,15626
Phone,78880,West,5115
Phone,30634,East,7274
Monitor,16072,West,4404
Keyboard,65531,East,4349
Mouse,71333,North,4335
Phone,53143,South,8255
Keyboard,7420,North,6259
Laptop,68080,West,12847
Monitor,94886,North,14367
Mouse,12942,East,2881
Keyboard,55662,South,6248
Monitor,4106,South,7366
Monitor,45201,East,2851
Phone,92010,West,16998
Mouse,35339,North,6603
Laptop,16898,West,6552
Mouse,23657,South,1989
Mouse,4315,West,3418
Monitor,42562,South,16782
Keyboard,18548,West,11000
Tablet,72188,South,18392
Tablet,94143,South,166
Monitor,77564,East,18914
Keyboard,15039,North,13915
Phone,73967,East,19994
Tablet,62154,West,14616
Laptop,23466,West,10417
Phone,86168,North,4594
Tablet,20701,East,11674
Keyboard,19286,East,258
Keyboard,52300,North,1393
Tablet,54629,West,11377
Monitor,36458,North,2360
Tablet,96348,South,454
Keyboard,19841,West,9457
Laptop,84614,East,761
Keyboard,30939,South,13537
Phone,33581,East,5229
Laptop,70640,East,5007
Laptop,28085,North,13413
Mouse,92389,North,11654
Phone,1098,South,10887
Laptop,23310,East,18333
Keyboard,13627,North,3287
Tablet,52006,West,18957
Tablet,67389,North,16198
Monitor,37891,South,5329
Mouse,1755,West,5161
Laptop,47792,East,14972
Mouse,68813,North,4537
Phone,17811,East,11533
Tablet,42521,East,17549
Laptop,40717,East,15190
Tablet,24993,West,10130
Mouse,25777,East,2211
Phone,37780,West,7879
Keyboard,19086,West,10171
Phone,31201,North,19495
Keyboard,76077,South,5843
Phone,4181,North,3434
Tablet,87907,South,13974
Tablet,83827,East,5677
Laptop,13887,East,6295
Phone,42175,West,8873
Monitor,42091,West,2045
Keyboard,63902,North,1502
Laptop,40082,South,5905
Monitor,87297,East,5883
Monitor,53969,South,15606
Monitor,99165,South,520
Phone,18265,North,17803
Tablet,39349,South,19988
Keyboard,33508,North,17161
Phone,46180,South,16144
Phone,1300,East,1168
Mouse,81928,East,3804
Phone,66234,East,5366
Tablet,68488,North,13156
Laptop,56870,South,14903
Phone,91545,East,4632
Laptop,73687,South,5496
Monitor,44489,West,2114
Laptop,15031,South,17929
Laptop,17076,South,1573
Mouse,30481,East,3294
Tablet,71543,West,5299
Monitor,87138,North,3652
Tablet,88925,East,19174
Tablet,22427,West,11421
Keyboard,17124,West,3670
Tablet,45534,South,8514
Phone,35179,South,18961
Monitor,49283,North,8557
Laptop,35073,East,10625
Laptop,97749,East,10761
Tablet,37759,North,6676
Tablet,97794,South,9775
Keyboard,17143,South,4109
Tablet,2194,East,19039
Tablet,48332,North,16705
Mouse,10887,West,14763
Laptop,11279,West,523
Phone,39077,South,2198
Mouse,11946,West,2377
Phone,60700,East,16466
Laptop,97318,North,16571
Monitor,33258,West,6873
Phone,90500,North,299
Keyboard,46495,West,457
Monitor,51716,South,5782
Phone,5719,East,16702
Monitor,25605,North,18133
Tablet,91394,East,16862
Keyboard,76017,South,14899
Keyboard,31999,West,19275
Monitor,87838,North,17934
Keyboard,28606,North,1128
Phone,44103,North,18985
Phone,42253,South,5094
Keyboard,88185,West,16332
Monitor,99827,East,10227
Laptop,72403,North,6827
Phone,43393,East,13245
Tablet,52954,West,17987
Laptop,65048,West,12065
Mouse,40582,North,3782
Mouse,58927,North,3710
Mouse,86781,North,15698
Tablet,65232,East,19147
Mouse,6470,South,7839
Phone,81065,South,13011
Laptop,11326,East,1509
Tablet,65687,East,847
Phone,53671,North,13613
Keyboard,77395,East,16255
Keyboard,18037,East,13152
Laptop,8582,West,10529
Tablet,53541,West,2205
Mouse,96107,North,3729
Keyboard,17497,West,262
Phone,38324,East,11611
Mouse,70606,West,18393
Tablet,81665,North,3610
Keyboard,93051,West,11721
Phone,43898,South,16240
Keyboard,80544,East,13314
Tablet,16480,South,17822
Tablet,49941,West,13412
Monitor,8742,East,14281
Mouse,64723,East,12372
Monitor,74217,North,7108
Tablet,22094,West,779
Laptop,31868,North,19702
Monitor,9119,North,13710
Phone,8159,East,7043
Monitor,84715,South,13392
Monitor,74103,South,13073
Laptop,73134,West,6371
Mouse,73953,East,16902
Monitor,56142,East,19345
Laptop,8572,South,18426
Phone,42680,West,8258
Monitor,71559,North,18261
Keyboard,42416,South,8476
Tablet,39998,West,19427
Phone,51134,South,11339
Laptop,96864,South,10072
Laptop,62066,West,4757
Laptop,78725,North,16526
Laptop,7114,North,11538
Phone,68714,South,9214
Laptop,22312,North,16807
Phone,11880,South,4996
Mouse,93982,North,18552
Tablet,9861,North,16253
Laptop,9127,West,1412
Monitor,79259,West,9314
Tablet,73036,South,10893
Laptop,86138,North,1527
Monitor,94360,East,16926
Monitor,35764,East,15983
Phone,70333,East,3235
Phone,79278,South,13648
Monitor,44071,North,4550
Phone,8058,West,6300
Phone,3567,South,14427
Monitor,71852,East,11240
Keyboard,82775,North,7699
Phone,84450,West,11687
Tablet,39429,South,17278
Keyboard,61947,South,19733
Laptop,52792,East,16262
Keyboard,56012,South,1134
Mouse,45738,West,8106
Tablet,40571,West,10112
Keyboard,12192,North,157
Laptop,6877,West,12681
Mouse,11095,North,1186
Keyboard,1025,South,19105
Monitor,84979,North,19410
Tablet,5948,South,2205
Mouse,50558,North,17727
Tablet,99641,West,19812
Mouse,91889,East,2222
Monitor,64581,East,4765
Monitor,60352,West,16450
Keyboard,57985,West,2201
Laptop,83739,West,1299
Mouse,48130,East,2842
Monitor,44733,North,2959
Keyboard,18070,South,5066
Phone,41301,East,15888
Tablet,10725,East,6716
Laptop,92014,North,16110
Monitor,87194,West,13860
Tablet,37403,South,8516
Tablet,91546,West,11478
Phone,43472,West,17695
Keyboard,22327,East,10686
Tablet,7541,South,2951
Monitor,90788,North,9180
Monitor,28416,North,13962
Laptop,29907,East,1616
Laptop,77078,West,9860
Tablet,30860,East,1302
Tablet,16738,West,17789
Monitor,79634,North,8251
Keyboard,25619,East,12165
Laptop,53353,West,14895
Phone,40491,North,736
Keyboard,26089,West,15760
Monitor,20758,North,4576
Laptop,12958,North,8668
Phone,68254,West,14301
Tablet,53151,East,19003
Phone,89117,South,14625
Laptop,72025,West,12620
Monitor,10247,North,11632
Tablet,77173,North,10317
Mouse,21177,South,8377
Phone,90210,South,8634
Keyboard,40941,East,6450
Laptop,91374,East,19115
Monitor,18831,East,6314
Laptop,95180,East,15521
Monitor,30218,North,9235
Mouse,61162,West,10888
Tablet,2814,East,15498
Keyboard,29437,North,3704
Phone,78511,West,15893
Laptop,29537,North,4616
Monitor,86884,West,487
Phone,83042,West,18284
Laptop,46587,West,19254
Mouse,34216,West,17313
Mouse,20177,West,14120
Tablet,18422,West,10057
Keyboard,17544,North,10663
Monitor,9710,South,2200
Phone,70853,East,5161
Mouse,27199,West,15250
Monitor,35639,South,6012
Keyboard,62153,West,12963
Monitor,41254,East,396
Phone,13181,North,9431
Monitor,97539,South,17429
Tablet,3275,East,11390
Monitor,48051,South,15570
Phone,10048,West,9872
Tablet,55254,West,3492
Phone,65371,East,15952
Phone,68194,South,19554
Tablet,71193,West,10933
Keyboard,63790,West,16793
Keyboard,23641,East,7674
Phone,58689,South,3743
Mouse,62124,South,11421
Tablet,47644,South,14680
Laptop,76382,North,6539
Tablet,41041,North,11968
Phone,23651,South,7443
Monitor,1169,North,19219
Mouse,59696,South,19351
Keyboard,28520,South,14174
Mouse,31770,West,19702
Tablet,63444,East,11647
Tablet,63564,East,12825
Mouse,57362,East,16804
Monitor,64080,West,9037
Tablet,47284,South,951
Monitor,6616,East,11468
Tablet,54412,West,3859
Keyboard,99564,North,12050
Phone,42743,West,11669
Tablet,19309,North,14230
Monitor,53657,West,19761
Mouse,7452,East,9195
Monitor,68302,South,9156
Tablet,37062,North,1221
Phone,91219,North,5659
Tablet,31382,South,12521
Tablet,14417,East,11906
Mouse,19853,East,10125
Monitor,37651,East,14395
Keyboard,44335,North,9651
Mouse,80477,South,6254
Mouse,82651,West,14453
Mouse,79567,North,9090
Laptop,45131,West,8752
Monitor,36379,South,1331
Monitor,77190,North,13999
Monitor,7304,South,8393
Tablet,20602,East,12708
Laptop,48909,North,5014
Tablet,32663,East,18666
Keyboard,5810,North,15516
Keyboard,59707,South,15735
Tablet,89460,East,14557
Monitor,9986,North,2621
Mouse,96177,East,19275
Mouse,47520,South,1018
Monitor,91215,South,1998
Monitor,9200,West,2344
Keyboard,73472,North,2974
Laptop,22831,West,5715
Laptop,85086,East,5174
Monitor,39444,North,16796
Tablet,57833,East,1850
Monitor,24702,West,4670
Keyboard,86064,North,16357
Keyboard,58769,East,8748
Mouse,44597,West,10018
Tablet,29114,West,2735
Laptop,65374,West,7592
Laptop,65967,West,12008
Keyboard,62644,South,6666
Monitor,48746,East,6020
Laptop,33358,West,12149
Tablet,25329,South,11398
Mouse,24339,West,15006
Phone,65012,East,14611
Keyboard,61260,East,18062
Monitor,70963,South,19989
Laptop,71340,North,18893
Monitor,92455,West,16471
Phone,66336,West,12594
Mouse,39527,East,15901
Tablet,37063,West,19762
Keyboard,29654,North,11928
Monitor,43303,North,12095
Keyboard,23863,West,18466
Phone,8254,North,1022
Mouse,61645,North,18529
Laptop,57670,South,12393
Phone,14620,North,16698
Laptop,95236,West,11581
Phone,72039,North,12376
Tablet,38227,East,18125
Mouse,42720,North,12872
Monitor,3632,South,15463
Tablet,10651,South,6478
Monitor,88978,South,17253
Keyboard,3601,North,14526
Phone,9382,East,13447
Monitor,16507,North,10393
Laptop,76241,South,171
Laptop,99285,North,2278
Laptop,90655,East,18615
Mouse,19956,West,2652
Laptop,57456,South,7301
Laptop,32264,South,14098
Phone,42984,East,18051
Mouse,76004,South,6895
Monitor,87490,North,17838
Phone,49551,East,19233
Laptop,58390,South,2764
Mouse,28843,South,10033
Monitor,61819,West,11390
Monitor,21711,East,18566
Phone,47561,North,19145
Keyboard,23279,West,14224
Laptop,51188,West,2752
Mouse,85050,South,14102
Laptop,53812,North,8150
Mouse,48490,North,1112
Phone,80458,North,12033
Phone,66214,North,3206
Phone,5857,East,14283
Tablet,49933,South,17566
Phone,40446,West,11092
Laptop,15178,North,16764
Phone,29186,West,830
Keyboard,23006,North,7102
Phone,91761,South,11907
Monitor,25463,North,18854
Mouse,56595,South,14500
Phone,57119,East,7358
Phone,16775,South,14277
Phone,48513,North,11627
Mouse,94421,East,17248
Monitor,84779,East,2866
Phone,95858,North,3292
Tablet,22757,West,18677
Laptop,65296,West,5704
Monitor,91769,South,12443
Keyboard,13387,West,4722
Phone,78105,North,13289
Keyboard,2202,West,8234
Monitor,35966,East,8869
Monitor,84911,West,15810
Tablet,66393,North,13425
Laptop,68147,West,11128
Mouse,43919,South,6396
Phone,77341,North,9918
Phone,82289,North,9832
Phone,49162,South,19004
Laptop,49000,North,8720
Monitor,41646,East,124
Mouse,13531,South,6391
Tablet,67949,West,10481
Mouse,18618,South,5293
Tablet,77501,North,18353
Phone,64939,South,11956
Monitor,77869,South,16033
Phone,15013,South,2507
Phone,86750,North,14255
Phone,97349,North,2874
Tablet,23484,East,13547
Monitor,76836,West,17988
Monitor,87243,North,6948
Mouse,86782,East,18540
Mouse,25745,East,315
Laptop,66713,North,14511
Keyboard,73962,North,2672
Phone,72201,South,3394
Keyboard,53084,South,988
Tablet,91090,North,17461
Phone,91817,West,5530
Keyboard,10546,West,13163
Tablet,92927,East,13098
Laptop,11121,East,12496
Keyboard,3646,South,14404
Laptop,8181,North,10878
Phone,18967,South,7363
Keyboard,71242,South,4408
Phone,98812,South,4382
Tablet,26004,North,14579
Keyboard,20013,South,5557
Keyboard,6489,East,1809
Mouse,4172,North,12720
Keyboard,27303,East,2026
Phone,65117,East,12927
Laptop,81718,South,11507
Mouse,49563,North,5965
Mouse,27567,West,7496
Laptop,45640,North,19127
Keyboard,39600,North,10234
Keyboard,67421,South,14339
Mouse,36723,East,6967
Laptop,81358,North,5983
Laptop,5286,West,1209
Phone,61709,North,17884
Mouse,9959,East,2325
Monitor,86282,West,19093
Laptop,61118,South,19579
Laptop,63895,North,6680
Mouse,39010,South,2641
Laptop,85301,East,8817
Monitor,78237,North,9522
Laptop,12356,East,3895
Monitor,45449,North,1184
Monitor,24606,South,18430
Phone,64116,North,6708
Laptop,80414,North,4703
Monitor,41426,West,5915
Laptop,83505,West,9347
Keyboard,6118,West,19195
Mouse,47533,North,10228
Tablet,78317,West,3901
Laptop,76891,North,11915
Laptop,25121,West,3110
Phone,82484,West,3929
Laptop,7664,East,19232
Monitor,54606,South,12816
Monitor,63331,North,909
Keyboard,9584,South,8283
Phone,11203,West,16031
Monitor,89942,East,17835
Tablet,81790,South,535
Keyboard,21556,East,13791
Mouse,46093,East,15913
Keyboard,18767,East,11634
Keyboard,68414,East,5882
Tablet,43906,West,2686
Mouse,21647,East,10485
Phone,98029,East,14526
Laptop,78131,West,15622
Monitor,7269,North,4491
Keyboard,91430,North,1113
Keyboard,70103,West,920
Laptop,67616,West,7431
Keyboard,96034,East,428
Phone,26046,North,14349
Keyboard,45068,South,559
Laptop,46825,East,1779
Mouse,33064,West,7425
Monitor,3656,West,17004
Monitor,49295,East,17335
Tablet,43537,North,9546
Laptop,73738,South,1206
Phone,29942,East,16512
Tablet,46715,East,1690
Monitor,96208,South,5918
Keyboard,75317,West,15795
Phone,21441,South,16050
Keyboard,15082,North,15648
Mouse,53305,North,13686
Monitor,17961,North,12473
Monitor,5572,West,17936
Monitor,43472,South,7254
Phone,37360,West,19286
Keyboard,81035,North,18702
Monitor,25653,South,12158
Laptop,24190,East,5677
Phone,86480,West,5478
Laptop,74055,West,4227
Keyboard,85021,South,4459
Mouse,63042,North,17692
Mouse,89255,East,18971
Monitor,80337,East,7512
Keyboard,68340,East,10590
Mouse,21829,East,4489
Tablet,45816,North,13294
Keyboard,3667,North,8387
Monitor,56970,North,5954
Laptop,52262,North,17976
Monitor,34331,South,7650
Keyboard,26968,West,4877
Keyboard,33771,South,12574
Phone,41627,West,15888
Mouse,36102,East,4392
Tablet,92594,East,7144
Phone,86512,West,3013
Monitor,24714,East,9836
Keyboard,61756,West,9795
Phone,49797,East,11289
Monitor,72571,North,18237
Mouse,39515,East,5379
Tablet,60047,East,3766
Phone,40619,West,571
Keyboard,3104,South,17721
Tablet,6183,East,16352
Monitor,64551,North,16531
Keyboard,69926,East,11611
Phone,44193,East,3406
Phone,42705,South,9544
Tablet,89796,West,496
Keyboard,5603,West,5347
Monitor,38897,West,5660
Mouse,16031,South,5506
Mouse,12520,East,1428
Keyboard,83240,West,10312
Laptop,52794,South,9146
Keyboard,67791,West,11710
Tablet,85754,West,6126
Mouse,6482,West,5982
Keyboard,47196,West,3728
Mouse,68998,East,14353
Mouse,64411,South,9703
Monitor,61851,East,16044
Mouse,48670,West,14372
Mouse,19786,East,17184
Keyboard,21357,East,7240
Mouse,6850,East,8354
Phone,63788,East,13039
Keyboard,82039,North,15163
Monitor,31891,East,16683
Tablet,99520,South,7993
Keyboard,27049,West,4266
Mouse,54726,East,18856
Tablet,82456,West,5006
Tablet,1770,East,16385
Mouse,68025,East,10119
Tablet,94667,North,15801
Keyboard,26383,North,5155
Laptop,49471,West,1782
Laptop,20857,West,14097
Mouse,55794,East,11719
Keyboard,64439,North,2794
Phone,85429,East,9581
Tablet,21692,South,9326
Laptop,81038,North,5128
Phone,45340,East,6827
Monitor,68316,East,1868
Laptop,78952,West,17944
Laptop,29959,West,1615
Monitor,7880,North,14347
Mouse,48508,South,14914
Keyboard,68806,West,15237
Mouse,69222,South,14670
Mouse,15366,West,7360
Tablet,4297,North,12843
Tablet,36713,West,17009
Keyboard,26350,North,808
Mouse,15703,West,11747
Tablet,95691,South,7336
Keyboard,59685,West,14963
Mouse,29470,West,7160
Monitor,27095,East,18028
Phone,27310,East,11850
Mouse,2640,South,11888
Tablet,64930,North,14763
Tablet,97299,North,16680
Tablet,8819,West,2283
Mouse,1002,North,353
Phone,97737,South,6480
Monitor,33740,East,15993
Laptop,64000,East,6569
Laptop,55819,South,19091
Laptop,65211,West,6973
Monitor,54654,East,1196
Keyboard,60443,South,12096
Laptop,64954,East,3581
Keyboard,55947,South,14972
Mouse,15272,East,7875
Mouse,69602,West,5003
Tablet,43175,West,16795
Monitor,51518,East,198
Mouse,11466,East,6706
Mouse,8753,North,5681
Keyboard,56653,North,3667
Mouse,63610,West,8536
Mouse,37082,East,7807
Phone,43769,North,1510
Phone,64247,East,4499
Phone,63295,North,10943
Mouse,30137,North,8176
Phone,70211,East,9904
Laptop,64269,West,7007
Monitor,16039,West,15470
Monitor,64445,East,15806
Keyboard,47851,North,1543
Mouse,95580,East,16473
Tablet,46638,North,1818
Tablet,5239,South,2218
Phone,93437,East,11425
Phone,35032,South,5617
Tablet,35726,South,1467
Mouse,90127,West,15134
Phone,55879,West,16444
Phone,84794,North,6123
Laptop,53158,East,2063
Laptop,20176,South,16336
Monitor,55973,East,13135
Mouse,42604,West,12620
Keyboard,5845,North,1844
Mouse,34311,North,15869
Monitor,36162,North,2668
Laptop,1759,North,10977
Monitor,93058,East,17691
Phone,37146,West,2861
Phone,26864,South,2964
Laptop,11546,South,3258
Monitor,87807,East,13641
Mouse,55215,West,5353
Monitor,36989,East,16393
Laptop,48031,West,9669
Monitor,70446,East,3386
Phone,57220,West,1881
Mouse,4914,North,1059
Laptop,11080,West,19255
Tablet,49776,South,11710
Laptop,97432,West,12354
Laptop,60421,South,2606
Laptop,7866,East,11563
Mouse,67375,East,11284
Mouse,13835,West,5439
Monitor,76644,South,10573
Keyboard,71300,North,15225
Laptop,18873,North,2840
Phone,20489,North,17999
Keyboard,21054,East,19136
Monitor,79994,South,2631
Phone,29086,South,4422
Keyboard,35906,North,11346
Phone,8153,East,19042
Keyboard,47713,West,964
Keyboard,12688,North,2499
Laptop,64401,West,1853
Tablet,3473,North,11798
Keyboard,12075,North,4537
Tablet,55697,East,8020
Tablet,80081,North,12518
Monitor,3123,South,2239
Keyboard,75599,North,11689
Phone,41359,West,9804
Keyboard,98222,West,14126
Mouse,85319,West,11740
Mouse,47758,South,19764
Tablet,88934,South,6873
Mouse,10902,South,14176
Mouse,92620,North,19870
Laptop,89568,West,8384
Laptop,27294,South,1289
Phone,66963,West,8922
Phone,7896,West,4456
Monitor,41751,West,5719
Tablet,52539,West,3623
Keyboard,19780,South,546
Laptop,41180,North,14557
Laptop,83912,North,3044
Phone,78677,South,1468
Phone,5172,West,4585
Monitor,36083,South,18325
Phone,63139,South,784
Monitor,61609,East,9148
Monitor,9323,North,15323
Phone,58472,West,7304
Keyboard,80980,East,3020
Tablet,28445,North,16303
Laptop,80333,West,10187
Phone,24218,South,7557
Laptop,46917,South,11255
Laptop,65645,North,3458
Mouse,43948,West,744
Monitor,22402,South,9751
Monitor,2285,South,12540
Laptop,94659,South,8192
Mouse,37518,West,259
Laptop,8549,North,19931
Tablet,57048,South,7340
Mouse,74519,East,18428
Monitor,12861,South,16029
Phone,28366,South,17955
Monitor,51390,North,17256
Monitor,38385,West,5460
Keyboard,98000,North,7389
Phone,67963,West,8800
Keyboard,29084,South,5949
Mouse,78866,West,14895
Monitor,99335,South,6965
Laptop,44880,South,4202
Laptop,7618,North,14777
Phone,70101,West,15306
Keyboard,63459,South,11565
Mouse,5877,West,16703
Tablet,69452,North,3456
Laptop,42590,North,6283
Keyboard,4206,South,456
Phone,58594,North,4580
Phone,91500,East,6744
Phone,40285,East,16069
Monitor,26936,North,11709
Keyboard,53818,West,19994
Phone,73156,East,4971
Laptop,53135,South,10953
Mouse,65621,East,16108
Keyboard,88894,North,12890
Keyboard,1910,West,6338
Phone,95773,East,18319
Monitor,33234,East,17392
Tablet,25642,North,17007
Mouse,65258,West,422
Laptop,23205,South,15624
Laptop,98664,East,14341
Monitor,17297,West,715
Monitor,38078,North,12055
Mouse,80300,North,18280
Phone,35894,South,4789
Phone,33556,West,19317
Phone,30121,South,19635
Laptop,4928,West,14814
Phone,24772,South,4540
Tablet,1915,East,10484
Laptop,74842,South,7968
Tablet,83840,South,14990
Mouse,51527,East,14073
Phone,64330,North,18763
Mouse,56731,East,6155
Keyboard,51818,North,17351
Phone,87221,West,19569
Monitor,95603,West,7796
Monitor,47031,South,2955
Monitor,85857,South,5720
Tablet,6916,West,3414
Keyboard,94287,North,18925
Phone,1691,South,17305
Monitor,66685,North,7754
Mouse,87124,South,3399
Tablet,93847,North,4728
Mouse,88028,East,19222
Mouse,89021,East,3630
Mouse,73706,South,14329
Keyboard,33202,North,11518
Mouse,20701,South,425
Keyboard,63995,West,5113
Phone,48681,East,3648
Keyboard,26598,West,5982
Mouse,48111,West,11473
Laptop,44435,North,17129
Keyboard,74360,South,7720
Tablet,81466,West,15729
Monitor,19216,East,9849
Tablet,88047,South,7803
Laptop,87225,South,17092
Laptop,44946,East,11067
Phone,5597,West,15583
Mouse,76032,South,15556
Mouse,33338,East,6586
Phone,20519,West,17489
Monitor,56904,North,5742
Mouse,15165,West,16175
Keyboard,48180,North,214
Tablet,56867,East,6539
Laptop,33639,North,11868
Keyboard,37590,East,1176
Laptop,80319,West,11478
Keyboard,17800,East,2274
Tablet,85695,South,7366
Laptop,92692,West,7079
Monitor,46077,South,16637
Keyboard,85754,East,9720
Tablet,73904,West,1601
Monitor,39419,North,16482
Tablet,31073,North,12124
Laptop,5427,East,5425
Mouse,79829,North,8358
Monitor,21884,North,8487
Tablet,15865,North,10610
Tablet,30492,North,14001
Keyboard,83280,East,2443
Phone,1976,North,19732
Monitor,87199,North,17376
Monitor,36810,North,19675
Keyboard,9340,South,13194
Tablet,20041,North,11650
Phone,85219,South,1955
Monitor,57544,North,2008
Monitor,15192,West,9883
Monitor,20067,North,12081
Keyboard,85709,West,17652
Keyboard,22046,North,19044
Phone,57812,South,12977
Keyboard,54403,North,17557
Keyboard,90409,South,12044
Mouse,87914,West,6396
Mouse,69194,South,16048
Laptop,65661,South,3455
Laptop,89300,North,9554
Laptop,43520,South,14085
Monitor,31920,South,17166
Phone,39222,East,7098
Keyboard,19645,East,9428
Phone,33048,East,19553
Mouse,31231,East,3021
Phone,83119,South,8935
Keyboard,11147,East,3348
Laptop,98859,South,13893
Mouse,96468,East,491
Tablet,31001,West,5713
Mouse,33779,North,10189
Mouse,42465,East,12131
Tablet,40229,North,16335
Mouse,89283,South,6630
Keyboard,99782,West,5255
Phone,8403,South,12385
Monitor,97363,North,16775
Laptop,61724,North,18791
Keyboard,10214,East,6432
Keyboard,98389,North,2330
Keyboard,45369,East,10627
Keyboard,71632,West,14105
Phone,57988,East,2768
Tablet,19718,North,3315
Keyboard,28098,West,2493
Phone,71937,West,611
Phone,84527,West,4373
Mouse,58564,East,4676
Mouse,87790,East,14271
Keyboard,7663,North,11679
Monitor,74477,East,1522
Monitor,16960,East,18425
Tablet,79829,North,4370
Monitor,70992,North,18089
Monitor,30550,North,4249
Phone,98740,East,2355
Phone,81814,North,2186
Phone,76540,West,3560
Monitor,35597,North,11768
Tablet,74163,West,17701
Tablet,81771,East,5597
Mouse,59319,West,19852
Monitor,30430,West,8275
Laptop,6647,East,3115
Tablet,81310,South,18348
Mouse,23625,South,3641
Monitor,37045,East,10047
Monitor,1628,East,5511
Laptop,66768,North,7009
Mouse,53369,North,12829
Laptop,30954,North,18670
Phone,36071,South,10327
Laptop,91967,East,8954
Laptop,82301,North,4954
Mouse,56629,North,11265
Mouse,23405,East,8460
Mouse,66454,South,17317
Laptop,62106,North,8744
Phone,64323,South,18592
Mouse,50992,North,6930
Keyboard,59683,West,11301
Phone,32259,North,3989
Mouse,4208,East,9789
Tablet,51509,North,7652
Tablet,93282,East,11117
Mouse,99301,North,11504
Tablet,1506,North,7234
Phone,26861,South,12519
Laptop,85548,East,7854
Monitor,72465,West,751
Tablet,49026,North,10012
Tablet,34373,South,2248
Phone,63241,West,19253
Tablet,21523,East,5243
Laptop,69045,West,4381
Keyboard,20862,East,735
Monitor,81256,South,18487
Phone,40334,West,17572
Laptop,69192,North,18628
Keyboard,24673,North,8433
Monitor,69182,North,5168
Laptop,63146,North,15695
Mouse,84476,North,10722
Tablet,19399,West,19659
Keyboard,25461,West,9855
Phone,83112,South,12009
Tablet,22638,West,15282
Keyboard,40673,North,16982
Keyboard,68811,North,2456
Keyboard,24777,West,13987
Phone,95735,East,9307
Laptop,27319,West,15813
Tablet,83407,South,14282
Mouse,13786,North,19498
Monitor,21371,North,7697
Monitor,44711,East,3907
Mouse,33933,North,18293
Monitor,83695,East,8984
Tablet,31770,West,12294
Keyboard,3664,West,5762
Keyboard,10482,East,16699
Mouse,2302,West,13204
Mouse,44195,South,3452
Phone,60536,North,11915
Laptop,39883,East,2658
Mouse,64847,North,1901
Mouse,62992,West,9803
Monitor,80002,West,4271
Monitor,99444,North,11013
Tablet,85466,West,118
Monitor,25896,East,11877
Laptop,85139,West,6779
Monitor,70222,South,4428
Keyboard,89193,North,19546
Keyboard,94429,North,4184
Monitor,30964,South,2581
Phone,28504,North,19741
Mouse,36612,East,379
Monitor,30850,South,7558
Tablet,56011,West,13539
Laptop,42794,West,1091
Keyboard,3203,East,17166
Tablet,59888,South,6823
Phone,39387,South,17814
Keyboard,42167,East,18941
Mouse,53307,South,13145
Tablet,87724,East,1683
Phone,14731,West,19148
Monitor,42830,South,6653
Tablet,36746,West,16847
Laptop,5178,East,5767
Laptop,17854,West,7034
Tablet,61412,North,19324
Monitor,59556,North,5240
Monitor,69284,North,19392
Tablet,16235,South,8327
Laptop,92589,West,14109
Mouse,84608,West,5669
Monitor,13509,North,2102
Laptop,78452,East,19388
Monitor,57746,East,6875
Phone,80674,South,1232
Tablet,21763,West,18123
Phone,21109,East,1135
Tablet,51643,North,14701
Phone,25503,East,5644
Laptop,35176,West,1722
Keyboard,68466,East,14142
Tablet,62913,West,12961
Keyboard,69982,North,2421
Keyboard,44963,North,15825
Monitor,15917,East,18816
Laptop,96989,West,17357
Monitor,70675,East,1309
Laptop,64486,South,2522
Mouse,58386,South,6172
Mouse,58377,South,1695
Laptop,87185,South,6037
Laptop,75199,South,10822
Monitor,58745,North,16799
Mouse,7054,East,3984
Phone,21878,North,935
Mouse,36030,North,16878
Phone,58060,South,9144
Mouse,77693,East,8652
Phone,25063,East,13871
Monitor,28546,East,11330
Mouse,67450,North,11772
Monitor,84063,South,13722
Phone,67387,West,3468
Monitor,17280,South,7001
Monitor,65883,East,15273
Laptop,31893,West,599
Keyboard,39915,North,3789
Phone,83752,North,2145
Monitor,71580,West,15513
Keyboard,54971,South,8220
Tablet,10622,East,2338
Phone,83570,South,10397
Tablet,93566,East,4041
Phone,10616,North,9430
Tablet,41836,East,18102
Keyboard,48217,West,8470
Laptop,94020,North,19098
Phone,28146,East,2488
Phone,48963,East,357
Laptop,19027,East,8019
Tablet,6921,North,13048
Laptop,7220,South,13152
Tablet,80690,South,3133
Phone,64343,North,18444
Monitor,66923,South,1509
Tablet,52518,North,9430
Tablet,9455,West,5385
Monitor,71615,East,12105
Phone,73675,South,1221
Keyboard,49223,North,3220
Laptop,69775,North,3850
Keyboard,12023,North,3504
Mouse,63470,South,13447
Monitor,9958,East,2441
Laptop,60749,West,16730
Keyboard,26230,North,13228
Tablet,59242,South,12512
Keyboard,45075,South,19885
Mouse,46911,West,12820
Keyboard,98739,East,15212
Monitor,63858,East,6229
Mouse,32727,South,5858
Phone,26521,North,19752
Laptop,51449,South,10775
Phone,16728,West,4699
Keyboard,99144,South,2490
Phone,61030,East,536
Keyboard,50387,West,1075
Mouse,63067,South,4507
Monitor,30294,East,4093
Tablet,56396,South,17291
Keyboard,5288,West,18871
Laptop,29704,East,2303
Laptop,58528,South,12776
Keyboard,17264,West,11584
Mouse,61992,West,12338
Monitor,10970,East,3671
Laptop,7973,West,17497
Phone,12669,South,13434
Tablet,32208,North,5592
Tablet,93116,North,214
Tablet,97798,North,6266
Tablet,54050,East,13632
Laptop,77707,South,16551
Phone,4009,East,6734
Tablet,93640,West,11124
Keyboard,55409,East,17274
Mouse,60576,South,10850
Laptop,30213,South,9664
Mouse,8027,East,4924
Tablet,16089,South,15243
Phone,75584,West,13577
Laptop,22481,East,14843
Mouse,24033,West,12207
Keyboard,68834,West,212
Keyboard,72294,North,17532
Laptop,4129,West,5405
Monitor,8744,North,11387
Phone,47633,South,11969
Phone,98113,South,18840
Laptop,30013,West,19099
Monitor,48284,West,11070
Mouse,48380,North,1197
Phone,31523,West,1028
Mouse,13471,East,4871
Monitor,98410,North,6739
Mouse,82060,East,5635
Laptop,92594,East,7129
Monitor,21227,South,13631
Monitor,56064,North,13783
Laptop,9579,West,10251
Laptop,3290,East,11929
Laptop,18058,North,335
Monitor,85520,East,3240
Keyboard,97068,West,2503
Mouse,57641,West,9149
Mouse,92943,North,1009
Phone,43647,West,9969
Tablet,20250,West,3369
Keyboard,86885,South,19043
Laptop,52692,East,4399
Tablet,20544,East,12511
Mouse,7272,East,622
Monitor,32448,West,3032
Mouse,93126,North,19711
Monitor,64806,East,16847
Monitor,48684,North,4135
Phone,25781,West,4495
Keyboard,93338,West,15827
Mouse,86830,West,2109
Phone,82688,South,1234
Monitor,35901,East,4569
Laptop,9036,South,11114
Keyboard,13256,East,3028
Keyboard,24920,West,9981
Monitor,16958,South,6513
Phone,58942,East,17032
Monitor,97582,South,9236
Keyboard,66330,East,14960
Keyboard,92590,North,7501
Phone,12515,West,7722
Monitor,73938,North,17719
Phone,79393,South,13860
Tablet,85628,South,19522
Mouse,77484,West,10683
Mouse,59434,East,13501
Monitor,28698,North,18777
Monitor,28278,North,1651
Keyboard,96232,East,14019
Tablet,29064,West,16935
Mouse,91459,North,625
Mouse,92674,West,3528
Keyboard,13373,North,14453
Monitor,33629,North,6840
Monitor,39380,West,9993
Phone,51708,West,5262
Tablet,48570,West,5774
Laptop,75363,North,522
Phone,18714,South,9338
Keyboard,80667,North,16511
Phone,10372,South,16536
Keyboard,68878,South,16402
Phone,29613,East,9750
Keyboard,45012,West,6542
Tablet,48750,East,7400
Monitor,64226,South,2906
Tablet,98625,North,4735
Keyboard,90256,North,8058
Tablet,13807,North,16096
Mouse,66548,West,13615
Mouse,9666,East,19343
Keyboard,7721,East,10097
Laptop,20650,West,3410
Monitor,11749,East,11703
Phone,97629,North,18486
Phone,87769,South,5130
Keyboard,66759,West,11734
Keyboard,61210,East,17509
Monitor,64132,North,19667
Laptop,92406,South,19582
Laptop,47475,West,6890
Laptop,31283,East,16872
Tablet,46983,North,12962
Keyboard,70005,East,9078
Phone,33665,South,2251
Mouse,23690,South,1692
Laptop,68876,South,17104
Phone,71237,West,10533
Mouse,20753,South,5421
Phone,25612,North,3605
Laptop,11683,North,8387
Mouse,90332,North,15770
Monitor,52176,East,5134
Phone,57333,North,9512
Phone,26254,North,347
Mouse,76467,North,17747
Mouse,24198,West,9709
Phone,19880,East,4555
Phone,32322,South,19744
Monitor,34731,North,2086
Laptop,34277,East,105
Monitor,55630,East,2391
Mouse,59351,West,5085
Tablet,57438,West,3546
Keyboard,43999,East,2869
Phone,62164,West,12120
Monitor,39433,East,16781
Laptop,31011,North,6316
Phone,97140,East,17504
Laptop,35751,South,11757
Tablet,88784,South,3540
Monitor,37992,West,4317
Tablet,58975,North,15895
Keyboard,91593,East,15267
Monitor,77365,East,3673
Phone,79459,West,2602
Monitor,10050,West,10594
Keyboard,84634,South,8647
Laptop,37631,West,13726
Laptop,90125,North,17987
Tablet,28562,North,984
Monitor,74828,East,19347
Keyboard,89793,South,11413
Monitor,33410,East,15622
Tablet,53098,South,19850
Monitor,49852,East,6774
Mouse,94426,South,7221
Monitor,43339,West,638
Keyboard,50561,East,14464
Laptop,57583,East,10097
Phone,29580,West,2306
Mouse,18022,East,2338
Phone,72875,East,493
Keyboard,20490,North,16256
Monitor,42845,South,16113
Phone,41096,West,14083
Keyboard,64801,North,12759
Keyboard,86255,East,12699
Phone,92869,North,9913
Tablet,1461,West,4614
Phone,59730,South,10562
Laptop,81721,South,2403
Mouse,6531,South,4588
Laptop,12817,West,928
Monitor,1829,North,2996
Laptop,49510,East,6977
Phone,86918,East,11386
Tablet,79644,East,19924
Phone,89219,North,6816
Mouse,84781,West,18740
Laptop,19499,North,8213
Mouse,76789,South,3235
Mouse,79721,East,11274
Mouse,34541,South,5608
Monitor,16015,East,4412
Phone,37499,East,5783
Mouse,54010,West,16078
Monitor,29467,North,18532
Monitor,84377,East,7651
Laptop,34491,South,9098
Phone,97004,South,3437
Tablet,31610,West,12359
Phone,48003,South,8129
Keyboard,86571,North,10680
Tablet,93517,South,13764
Mouse,12387,East,7321
Monitor,10797,West,2807
Mouse,77478,West,10028
Monitor,41493,North,11315
Tablet,41665,South,18676
Phone,41795,East,13402
Phone,73377,West,12048
Tablet,66585,North,10965
Monitor,46092,South,3208
Phone,28672,North,2840
Laptop,73992,East,8647
Laptop,75506,South,8586
Tablet,87958,West,10172
Phone,71390,North,13758
Mouse,42143,North,6023
Keyboard,83020,West,5830
Phone,69376,East,11957
Phone,78162,West,16057
Tablet,60552,South,10344
Mouse,86929,South,3473
Phone,31213,South,15784
Mouse,39710,North,2893
Laptop,88541,East,15174
Mouse,25945,West,11102
Mouse,44648,South,10283
Monitor,96330,North,18574
Tablet,77760,South,14033
Tablet,51498,South,3153
Tablet,82640,West,19576
Keyboard,42569,East,8692
Phone,84849,East,14753
Mouse,36555,East,16059
Tablet,57648,South,3618
Mouse,21061,North,5398
Tablet,35906,East,14096
Monitor,20770,South,17584
Keyboard,88537,North,11787
Mouse,12799,South,17129
Monitor,45474,South,11178
Tablet,84115,West,15958
Mouse,6224,North,8720
Laptop,93538,South,15912
Keyboard,41603,West,6572
Laptop,15610,North,1012
Monitor,48297,West,6898
Monitor,51012,South,1348
Tablet,29601,West,8559
Keyboard,19324,North,12898
Tablet,90394,South,1448
Tablet,23287,North,1282
Laptop,21636,West,11689
Monitor,59410,South,15308
Keyboard,37097,North,1548
Tablet,54667,North,9087
Monitor,10269,West,12955
Keyboard,92844,North,6952
Tablet,13444,East,2528
Tablet,47760,West,3441
Tablet,83856,East,7370
Laptop,2943,East,14181
Mouse,61402,East,4406
Tablet,3104,North,9818
Mouse,3549,South,4514
Monitor,64288,South,1795
Keyboard,48130,North,10270
Tablet,5772,East,9121
Monitor,45517,South,400
Monitor,31059,West,9325
Laptop,85678,North,10122
Keyboard,78941,North,13436
Keyboard,12227,South,728
Keyboard,87266,South,5051
Monitor,15524,West,8882
Mouse,16583,North,15687
Keyboard,79633,South,6390
Mouse,29338,West,1972
Tablet,74065,South,17385
Mouse,29835,West,16737
Monitor,51759,North,6191
Monitor,77611,West,7237
Laptop,54219,North,9564
Tablet,81858,North,8699
Mouse,9069,West,13245
Tablet,78021,North,7592
Phone,31948,North,9205
Tablet,79617,East,19018
Tablet,17085,South,5004
Phone,21531,East,16418
Laptop,94037,East,18943
Keyboard,81645,South,18435
Mouse,88651,West,10145
Monitor,88983,West,11678
Mouse,87122,West,3902
Phone,3500,East,7575
Tablet,7328,West,11011
Monitor,25831,East,4298
Laptop,78963,North,18716
Laptop,86532,East,1742
Monitor,65105,West,9839
Monitor,76720,North,14810
Laptop,32635,East,16376
Phone,13381,South,16690
Phone,84722,East,18261
Laptop,74788,North,16527
Laptop,34421,North,11901
Monitor,84864,West,13832
Phone,34469,South,673
Keyboard,53371,North,18972
Laptop,88322,East,3515
Mouse,98389,North,664
Monitor,73708,South,5735
Laptop,59824,North,4731
Laptop,57575,East,4028
Phone,86068,West,14250
Tablet,51999,South,16284
Keyboard,21467,East,17517
Phone,50799,North,3745
Laptop,16135,West,7216
Monitor,12860,North,7083
Mouse,62054,East,2360
Mouse,28208,East,228
Keyboard,5874,East,10483
Keyboard,4382,West,18165
Phone,37820,South,8168
Laptop,78196,South,14730
Keyboard,27765,South,1714
Tablet,69977,East,16003
Tablet,15807,East,3526
Monitor,94019,South,16575
Laptop,5051,East,1077
Mouse,12223,East,4638
Phone,38326,West,18067
Mouse,2534,South,19797
Tablet,45251,South,14733
Laptop,82444,West,2803
Laptop,95082,West,13865
Mouse,30872,South,1608
Keyboard,49941,South,4753
Keyboard,83776,East,15474
Phone,77275,South,1459
Tablet,64261,West,17427
Tablet,62562,East,1910
Mouse,23893,North,1254
Mouse,29375,North,4230
Mouse,53622,West,9618
Tablet,49079,South,5452
Keyboard,71978,West,3108
Keyboard,45134,North,17189
Mouse,37455,South,8093
Phone,3245,West,8182
Phone,13384,South,10033
Keyboard,75139,North,9375
Tablet,84359,South,17125
Mouse,4308,South,8793
Mouse,62988,West,14332
Monitor,33945,South,14798
Keyboard,84820,West,18707
Monitor,85081,North,17086
Mouse,78121,West,3588
Tablet,51257,North,7175
Tablet,68367,West,19102
Monitor,47162,South,10706
Laptop,43013,East,980
Phone,9005,West,7360
Mouse,23655,South,11820
Tablet,91603,North,4817
Keyboard,88548,West,1078
Mouse,68838,West,18025
Tablet,34899,East,10202
Mouse,41565,North,595
Keyboard,80696,West,3439
Keyboard,88587,West,3199
Keyboard,96575,North,931
Laptop,18279,South,2532
Phone,31806,North,9724
Phone,9681,East,4960
Phone,54736,East,8686
Laptop,43204,West,3665
Keyboard,12256,South,13228
Phone,1148,South,2971
Mouse,4416,West,4534
Monitor,26439,South,188
Tablet,95535,West,9492
Laptop,24421,East,5487
Mouse,27127,West,3821
Phone,89402,West,13537
Phone,11463,East,14623
Tablet,15874,West,549
Phone,39768,South,3143
Mouse,82396,West,15167
Tablet,57044,West,17098
Monitor,99433,South,13247
Phone,48298,South,1484
Keyboard,85396,West,1336
Tablet,29365,East,5180
Mouse,63931,South,13036
Tablet,44813,North,1478
Mouse,54467,North,15878
Mouse,27042,North,11064
Laptop,26123,East,18341
Phone,74110,North,10544
Keyboard,49443,West,1592
Tablet,85180,South,19564
Monitor,87869,South,15193
Phone,25519,North,12698
Monitor,90389,East,4397
Mouse,44621,North,8225
Tablet,84386,East,12247
Tablet,27243,North,6219
Tablet,42205,South,1890
Laptop,5531,South,1322
Laptop,57139,North,7464
Monitor,2384,North,18888
Mouse,9076,West,7478
Keyboard,49588,North,10053
Keyboard,53893,East,6561
Laptop,17776,West,11557
Keyboard,66071,East,9080
Monitor,7915,North,11011
Laptop,72220,South,2505
Mouse,5599,East,19680
Keyboard,85800,East,7631
Monitor,17830,West,16018
Laptop,50130,South,14319
Tablet,71568,South,14889
Tablet,69165,North,2987
Tablet,17064,East,7173
Tablet,19649,East,7134
Keyboard,22004,North,539
Mouse,79882,East,16020
Phone,26141,East,14412
Laptop,76828,West,16034
Monitor,48509,West,1787
Laptop,45241,West,2191
Phone,69483,South,19743
Keyboard,29501,North,14051
Keyboard,69562,East,17790
Mouse,99516,North,3041
Laptop,76821,North,11731
Tablet,27995,West,7383
Mouse,60704,East,6849
Laptop,77321,North,1448
Mouse,64493,South,11572
Tablet,32327,North,6759
Mouse,63155,South,7881
Mouse,20684,East,18761
Mouse,42974,North,17330
Tablet,6535,East,12987
Laptop,5550,North,18507
Laptop,56610,East,7908
Phone,96058,East,6475
Monitor,69836,South,16910
Laptop,33485,North,17182
Phone,50094,South,4740
Keyboard,43098,East,12400
Keyboard,74618,East,10317
Monitor,93641,West,16033
Laptop,2970,North,11571
Laptop,89283,West,3468
Tablet,44449,East,14482
Laptop,73638,East,19846
Monitor,87607,East,8817
Mouse,28458,South,14629
Tablet,40943,East,15684
Monitor,40981,North,4352
Phone,94125,South,7002
Tablet,70698,East,16511
Keyboard,2766,East,11999
Keyboard,13042,West,16609
Phone,77530,West,6207
Phone,34051,East,9702
Monitor,97010,East,1594
Tablet,58517,East,5725
Mouse,48866,North,3115
Laptop,70351,West,5639
Tablet,14705,South,5075
Laptop,77755,South,18556
Tablet,10003,West,466
Keyboard,24741,South,17858
Phone,89071,South,15300
Keyboard,28978,West,1076
Mouse,36392,West,3818
Keyboard,64234,South,5394
Tablet,59462,South,1532
Keyboard,27604,East,1173
Mouse,32412,West,10010
Keyboard,45506,North,3540
Mouse,35073,North,10763
Tablet,48984,South,17478
Phone,55429,South,11351
Tablet,65608,North,4122
Laptop,69090,South,4065
Phone,38803,South,19564
Tablet,24852,West,9331
Tablet,28186,West,18086
Laptop,91450,North,1153
Monitor,30216,North,17798
Monitor,51875,South,16506
Monitor,59662,East,12322
Keyboard,56266,West,13162
Tablet,68892,West,1410
Keyboard,97202,West,7664
Phone,11724,South,8404
Mouse,34099,East,19183
Laptop,13684,West,4518
Mouse,13098,West,13353
Laptop,8698,West,2879
Phone,57738,West,6977
Laptop,31061,West,11854
Monitor,4595,South,2904
Keyboard,64897,West,9802
Keyboard,93111,West,5583
Keyboard,84883,West,6215
Keyboard,44925,West,9865
Tablet,91287,North,8521
Tablet,35966,West,13256
Tablet,21821,South,16872
Monitor,12835,East,3129
Mouse,56141,North,10621
Laptop,9403,West,13891
Mouse,77755,North,919
Laptop,4183,South,15678
Monitor,46457,South,15719
Phone,98104,West,10974
Phone,4574,South,276
Phone,95412,East,16408
Tablet,64588,West,15435
Tablet,48617,North,3049
Phone,97108,East,19256
Phone,99732,South,3863
Mouse,75449,South,18794
Monitor,30292,South,351
Laptop,29900,East,175
Keyboard,23293,South,7238
Monitor,33767,South,16414
Phone,25011,South,19533
Phone,63732,South,4456
Tablet,40069,South,2545
Phone,88274,West,14334
Tablet,97366,East,19982
Monitor,41400,North,13487
Mouse,70426,South,18001
Laptop,7841,East,11447
Tablet,50849,East,9485
Laptop,42146,East,11213
Mouse,66103,South,7076
Phone,85353,North,12588
Laptop,51715,South,9798
Laptop,98590,South,5614
Laptop,84963,South,11408
Phone,30391,North,17444
Phone,73988,West,13210
Tablet,4325,East,5360
Mouse,95785,West,10761
Tablet,86780,North,4962
Phone,32633,South,19094
Monitor,16005,West,7037
Phone,6345,West,7362
Tablet,72392,South,17180
Tablet,45399,East,10096
Phone,1124,North,19856
Monitor,89653,East,18542
Phone,86502,South,188
Laptop,14317,North,6287
Phone,60118,North,11402
Keyboard,44660,North,9834
Tablet,17790,North,2443
Phone,25203,East,3693
Tablet,21400,South,2559
Mouse,1354,East,18076
Keyboard,65432,West,3861
Phone,59488,North,7133
Monitor,84595,South,2777
Keyboard,83759,West,9876
Laptop,29481,South,9746
Monitor,56139,East,17796
Phone,16196,South,9346
Laptop,39295,West,12000
Phone,84027,North,9416
Monitor,42931,North,17482
Mouse,71817,North,13869
Laptop,1299,South,13277
Monitor,91465,North,12907
Mouse,52970,East,19545
Monitor,7179,East,721
Laptop,57720,West,14301
Monitor,31687,East,13056
Phone,50609,North,9569
Keyboard,75325,West,17107
Phone,84403,West,12460
Mouse,82656,North,9614
Laptop,16761,North,11067
Tablet,94014,West,11920
Phone,77002,West,10528
Tablet,66093,North,10552
Laptop,89928,North,12867
Mouse,62391,East,12247
Laptop,86456,North,13851
Laptop,48424,North,12626
Mouse,6214,North,9507
Laptop,53697,North,19534
Phone,40604,East,16609
Keyboard,4479,East,14177
Keyboard,86857,South,3945
Keyboard,55991,North,3533
Laptop,68660,South,11975
Mouse,9907,East,6534
Tablet,51564,East,5539
Phone,38169,West,18872
Tablet,1066,South,1726
Phone,85475,North,18448
Mouse,34777,West,10620
Mouse,11016,West,15621
Monitor,99640,West,15477
Phone,22248,East,10884
Monitor,65593,East,13617
Tablet,55958,North,16743
Keyboard,69112,West,11434
Phone,73411,East,6993
Phone,3588,West,10368
Laptop,24110,West,10917
Phone,96898,East,12912
Monitor,88110,East,11435
Phone,98299,East,16247
Mouse,53668,East,14065
Keyboard,58605,South,1452
Phone,89833,East,5950
Phone,17998,North,18473
Monitor,2203,West,14199
Monitor,15773,East,13291
Laptop,45252,East,4185
Tablet,10570,North,13026
Mouse,28343,South,4181
Monitor,17596,East,6654
Laptop,88923,North,17846
Tablet,52697,South,213
Monitor,38571,West,328
Monitor,21123,East,16349
Tablet,73646,West,17118
Tablet,1485,North,14440
Monitor,19243,East,12964
Tablet,85387,West,5788
Laptop,64122,West,4553
Monitor,56294,East,9529
Monitor,78634,North,18036
Mouse,3938,East,12199
Mouse,66826,South,3685
Laptop,15315,East,17346
Mouse,13902,West,8804
Monitor,85198,South,1012
Laptop,13520,East,4868
Laptop,86193,West,5325
Laptop,33759,North,11519
Monitor,3690,East,10417
Monitor,18174,East,12227
Mouse,13287,South,2152
Mouse,21939,West,12370
Monitor,88274,East,3007
Tablet,8915,North,8660
Phone,95085,East,12533
Tablet,17782,East,13949
Phone,86072,West,8108
Mouse,86150,North,14131
Tablet,6982,North,17867
Monitor,31253,North,8377
Keyboard,18273,East,19315
Monitor,82666,South,8355
Keyboard,58828,North,16210
Tablet,17410,South,14997
Keyboard,41031,North,13513
Laptop,63100,South,20000
Keyboard,41866,North,6605
Monitor,72246,West,3900
Mouse,73545,West,10035
Mouse,61893,North,12267
Mouse,33617,East,16436
Tablet,18920,South,7432
Mouse,55236,West,13944
Phone,39632,South,8151
Mouse,31531,West,16613
Mouse,83942,East,16273
Monitor,36283,East,9966
Phone,24083,North,2452
Laptop,86551,West,9933
Monitor,26283,West,11112
Laptop,43286,East,1188
Phone,17257,South,15533
Laptop,30968,East,12270
Laptop,62546,South,14477
Tablet,66688,East,3152
Tablet,20552,North,15408
Laptop,50868,North,4965
Phone,6383,North,18726
Mouse,79180,North,1616
Tablet,33845,North,6458
Laptop,76711,South,16620
Mouse,26285,North,13422
Keyboard,35406,South,12838
Mouse,43580,East,7281
Phone,46124,North,14248
Mouse,61971,South,11594
Mouse,39496,West,10427
Monitor,20688,East,5411
Keyboard,34729,East,13321
Mouse,88451,West,12089
Keyboard,77622,South,13494
Monitor,82211,East,6464
Mouse,3952,South,11519
Mouse,31084,West,646
Monitor,9890,West,8457
Keyboard,97811,South,14846
Tablet,28754,West,858
Mouse,89220,South,7110
Mouse,72078,South,8414
Laptop,20333,South,4682
Keyboard,42983,West,2759
Laptop,19391,South,14314
Keyboard,29841,West,3221
Keyboard,66449,East,8365
Monitor,18525,West,18917
Tablet,13582,East,18545
Phone,31744,West,9985
Monitor,93558,North,17561
Tablet,17125,East,16885
Monitor,2993,North,253
Keyboard,14259,East,13672
Keyboard,91724,South,12481
Keyboard,29903,North,14099
Phone,60854,East,14923
Mouse,46073,West,11972
Monitor,16738,North,15816
Mouse,9092,South,1656
Phone,72022,East,662
Mouse,8411,North,2447
Keyboard,89072,West,15919
Laptop,76136,West,731
Tablet,69271,East,17543
Laptop,27489,South,4107
Monitor,47485,East,6827
Laptop,98333,West,3111
Laptop,77144,East,1271
Tablet,3273,East,10889
Tablet,42088,South,4509
Monitor,66873,North,14360
Keyboard,13615,East,2493
Phone,66448,South,15655
Mouse,6671,East,11157
Monitor,24168,North,2971
Phone,85075,East,9723
Keyboard,64971,South,17488
Keyboard,46951,East,2556
Keyboard,92948,North,16621
Monitor,42697,East,4608
Tablet,90591,West,13568
Tablet,76312,West,1886
Keyboard,7743,South,5206
Laptop,81961,East,17650
Phone,92818,South,15943
Keyboard,20796,East,4386
Keyboard,27906,North,1920
Phone,32083,East,15172
Laptop,30624,North,13718
Tablet,24919,South,15877
Phone,23740,South,18921
Keyboard,96997,West,17285
Monitor,65741,South,7561
Phone,83114,North,5922
Phone,81340,West,16788
Keyboard,10816,West,10883
Mouse,9260,East,19618
Laptop,93640,South,15168
Monitor,54191,North,14104
Monitor,26859,North,17334
Monitor,72757,South,6561
Monitor,38382,West,1844
Phone,12571,East,7199
Mouse,48201,West,19029
Laptop,87588,East,15059
Tablet,59550,West,14723
Phone,54915,East,578
Keyboard,51745,South,7478
Monitor,11114,North,17068
Phone,97881,West,5688
Mouse,66723,West,8501
Keyboard,96330,West,14226
Mouse,20606,West,9892
Mouse,29468,East,8674
Tablet,93758,West,13306
Keyboard,16200,North,14441
Laptop,78486,West,19759
Laptop,76858,East,16459
Mouse,78203,West,8631
Phone,70422,West,13826
Phone,13504,North,7837
Keyboard,69241,South,9026
Mouse,59331,South,16598
Tablet,1284,South,12494
Tablet,14398,North,5164
Tablet,18062,West,15645
Tablet,43107,North,574
Monitor,63825,South,19050
Tablet,53027,South,18638
Keyboard,75545,West,9569
Keyboard,49423,South,5972
Laptop,22552,West,13212
Laptop,45024,West,11397
Monitor,59153,West,15544
Phone,83175,East,18527
Keyboard,32992,West,9152
Keyboard,14306,South,8920
Phone,55758,South,2711
Keyboard,32065,West,10125
Keyboard,61043,North,17292
Phone,40444,North,14113
Monitor,69186,North,2845
Phone,43531,North,8134
Monitor,90346,East,18721
Keyboard,88774,West,6670
Monitor,23789,South,7769
Tablet,36743,North,6181
Tablet,53912,South,15270
Mouse,20931,South,13666
Laptop,24815,West,9026
Keyboard,75976,North,18411
Phone,54521,East,14473
Laptop,31069,North,9391
Keyboard,56623,West,934
Mouse,44794,East,7643
Laptop,18541,West,1419
Mouse,48040,South,4043
Keyboard,24773,East,19770
Phone,74907,South,11469
Keyboard,52798,North,10266
Laptop,7527,East,15513
Monitor,81464,South,11255
Laptop,68046,North,1661
Keyboard,31152,South,4442
Mouse,18965,East,2510
Keyboard,58206,West,1493
Keyboard,19530,South,17898
Mouse,56093,East,3391
Monitor,73859,East,17915
Mouse,41256,North,13879
Phone,20272,East,4526
Mouse,4135,North,5314
Mouse,63376,South,11138
Keyboard,12598,North,13019
Monitor,75461,North,5028
Laptop,41122,North,10676
Mouse,74083,North,1429
Phone,31251,North,15894
Mouse,21608,South,6053
Monitor,51987,North,18052
Phone,33390,East,14819
Mouse,27883,East,11329
Tablet,46512,North,16739
Monitor,6058,North,6203
Laptop,41510,North,19177
Tablet,2179,West,19402
Tablet,22693,North,335
Phone,63866,East,8289
Mouse,81087,West,19562
Laptop,96396,West,10125
Mouse,90249,South,4976
Phone,47877,South,2885
Monitor,66106,East,13537
Mouse,89087,North,6513
Phone,18453,East,15098
Mouse,56848,South,16629
Tablet,5814,West,13385
Phone,95845,West,18659
Monitor,44209,North,11775
Keyboard,39810,West,11269
Keyboard,24945,North,10818
Laptop,39614,South,17456
Phone,87870,South,979
Mouse,14728,South,9828
Keyboard,48716,East,10780
Laptop,39595,West,6934
Laptop,31482,West,8686
Monitor,67925,North,4035
Tablet,4844,South,17802
Monitor,86820,East,10777
Monitor,44906,West,7283
Phone,40451,South,6015
Phone,6802,North,18822
Laptop,92128,North,5354
Laptop,11463,North,7146
Laptop,68650,West,10094
Phone,5721,East,12241
Keyboard,11112,West,8957
Monitor,78669,North,12670
Mouse,55467,West,8697
Monitor,65505,North,12399
Laptop,70651,North,14115
Phone,36946,West,12933
Phone,45000,South,13185
Mouse,52183,South,16479
Laptop,98977,South,9480
Phone,66596,West,2858
Keyboard,17557,West,18239
Laptop,16660,North,19992
Mouse,68207,West,1964
Mouse,60349,South,15583
Tablet,65565,West,2433
Keyboard,33988,East,5143
Keyboard,9013,South,7808
Monitor,26359,North,5012
Monitor,19879,North,2171
Mouse,66658,North,14268
Mouse,36392,North,11321
Monitor,62284,East,6483
Laptop,75837,West,11874
Monitor,29317,South,7446
Mouse,67803,East,565
Laptop,67991,North,9788
Keyboard,78440,West,4463
Phone,55694,South,1299
Phone,60320,East,9845
Tablet,2952,North,6853
Monitor,40676,East,15335
Monitor,52281,South,19486
Phone,44219,East,4481
Keyboard,13438,North,2116
Monitor,36833,West,14386
Tablet,8380,North,1136
Monitor,84171,North,13698
Tablet,50461,East,19295
Keyboard,71648,North,14017
Monitor,26936,East,10367
Laptop,47117,South,18093
Phone,47672,South,5947
Monitor,2457,West,9649
Mouse,6187,East,11741
Monitor,45582,West,9153
Tablet,12442,South,13478
Phone,94937,North,5489
Monitor,42064,North,18379
Phone,8965,East,9200
Keyboard,94202,North,9565
Phone,13283,West,19315
Laptop,2643,North,13786
Laptop,44979,North,14747
Laptop,76018,South,10510
Mouse,35099,South,9965
Laptop,41904,West,19258
Mouse,58904,South,4865
Phone,97239,South,8493
Monitor,87251,North,19208
Mouse,80909,West,19238
Phone,82316,East,2589
Monitor,6612,South,16951
Tablet,94070,North,5591
Monitor,86714,East,18425
Laptop,8677,South,18464
Laptop,24901,South,6487
Keyboard,21217,North,14435
Phone,76470,East,7067
Tablet,67852,East,1380
Phone,2897,North,17790
Mouse,35442,West,415
Monitor,55950,West,19008
Laptop,95086,East,6479
Tablet,18088,North,6821
Tablet,67016,North,18812
Phone,17136,North,9434
Tablet,23721,South,18376
Monitor,78503,South,6227
Monitor,20589,East,15005
Phone,52050,West,9111
Keyboard,80491,East,19880
Mouse,37046,East,15104
Tablet,64603,East,17508
Keyboard,17399,East,15642
Laptop,15392,West,1981
Phone,71984,East,8562
Keyboard,85285,North,2683
Laptop,23030,North,1342
Laptop,76573,East,3030
Phone,53346,West,5455
Phone,60439,North,18627
Mouse,48602,West,15564
Keyboard,21690,East,8077
Laptop,72059,East,4970
Phone,27464,West,9702
Mouse,93219,South,14798
Monitor,5643,East,6162
Mouse,30724,North,4686
Laptop,24397,East,17780
Mouse,81482,West,1399
Mouse,99383,East,8526
Phone,17361,West,6588
Monitor,59820,North,9755
Phone,16092,South,10475
Tablet,41426,East,3658
Tablet,72525,East,14674
Laptop,3298,West,17799
Phone,94476,East,13264
Laptop,7104,North,13120
Mouse,44797,North,1738
Monitor,87953,East,19104
Mouse,30131,South,7504
Monitor,12098,West,9914
Tablet,5781,North,16697
Keyboard,91959,West,16302
Tablet,98397,West,6995
Mouse,67874,North,7342
Laptop,1379,South,15657
Tablet,60792,East,12475
Keyboard,45976,West,3700
Keyboard,15897,East,16715
Phone,99092,North,13273
Monitor,6171,West,18910
Monitor,25744,South,727
Tablet,93420,West,10687
Phone,5923,North,4574
Keyboard,87779,East,9954
Mouse,36530,North,7551
Monitor,91443,South,11492
Phone,48040,South,8863
Phone,92494,South,11252
Tablet,76557,South,5639
Monitor,17154,East,15311
Laptop,50128,West,3479
Keyboard,12309,East,9490
Tablet,89953,North,8504
Tablet,72203,South,16373
Mouse,50327,South,2680
Laptop,83663,West,6201
Phone,18347,East,1582
Monitor,3772,West,16877
Phone,89788,East,5782
Keyboard,87983,West,7267
Tablet,98096,West,7949
Laptop,15504,South,11254
Phone,5389,North,2484
Mouse,45220,South,13411
Tablet,92753,East,4640
Phone,28288,South,11848
Tablet,37625,East,9321
Laptop,20682,West,13207
Keyboard,41434,West,6607
Mouse,42210,North,19025
Tablet,25663,North,11912
Phone,58547,East,15956
Laptop,29541,East,5698
Tablet,87341,West,4170
Mouse,45984,West,19254
Mouse,23979,North,13584
Phone,69040,South,2589
Mouse,26850,South,9435
Monitor,53231,South,4515
Laptop,42450,West,15944
Tablet,50047,South,17734
Mouse,3133,East,5894
Laptop,6149,South,14277
Keyboard,97126,North,18370
Phone,61933,South,13598
Keyboard,91329,South,12258
Monitor,98569,West,15023
Keyboard,40149,South,9166
Tablet,62626,East,18507
Tablet,12043,North,12217
Keyboard,71143,East,19950
Keyboard,90850,West,10514
Phone,82813,West,18994
Laptop,91382,East,2031
Mouse,36869,North,4618
Mouse,60546,West,19833
Phone,25097,North,6269
Phone,30742,North,13436
Keyboard,82542,North,19669
Keyboard,69864,South,12233
Tablet,41125,South,18935
Keyboard,49127,West,19140
Laptop,61083,East,19252
Laptop,63560,North,2250
Keyboard,5709,South,7594
Laptop,35428,North,229
Tablet,93401,East,18889
Phone,40918,West,11530
Phone,49826,West,14536
Tablet,90089,South,7724
Mouse,11806,West,6910
Mouse,15881,West,15323
Laptop,58610,West,10067
Tablet,2413,West,10889
Tablet,38319,North,6437
Mouse,94966,South,3775
Mouse,34602,North,1905
Tablet,18846,West,8194
Tablet,75874,East,6737
Tablet,5812,North,1291
Phone,18061,East,14976
Phone,26662,East,8664
Tablet,73365,North,19419
Tablet,25460,West,19935
Tablet,29792,North,11375
Laptop,40320,North,11530
Phone,57280,South,11999
Mouse,44577,North,14264
Keyboard,20327,East,4159
Laptop,68320,East,10394
Phone,31529,West,7164
Laptop,73394,North,16327
Tablet,85772,East,17104
Phone,77633,East,15858
Mouse,40642,West,8908
Tablet,41199,South,7058
Phone,20916,West,1074
Phone,15248,North,7384
Monitor,19690,North,7869
Phone,7977,East,5060
Phone,8769,North,6760
Monitor,38452,West,11221
Mouse,57057,East,5607
Tablet,7226,East,10434
Phone,25556,East,5854
Mouse,75243,West,17026
Monitor,86080,East,19961
Laptop,95300,West,9926
Keyboard,25157,East,12574
Laptop,31773,East,8812
Monitor,70766,South,8362
Monitor,47750,North,3285
Phone,12186,East,7932
Keyboard,88909,East,926
Keyboard,68921,West,2593
Tablet,9054,South,5092
Monitor,20628,East,7905
Monitor,96183,South,11860
Keyboard,41043,West,15044
Phone,84453,East,11612
Phone,48559,East,11016
Monitor,7447,South,4188
Monitor,52023,North,16222
Tablet,98615,West,6341
Keyboard,95202,North,11612
Keyboard,26943,West,18728
Mouse,12973,West,5770
Keyboard,33323,North,8492
Phone,46556,West,5930
Monitor,85577,South,5794
Laptop,51912,West,10045
Tablet,80457,East,15739
Mouse,63137,West,4869
Tablet,20623,West,14521
Keyboard,89375,North,13122
Monitor,74990,North,19598
Tablet,30922,West,12556
Mouse,94480,North,14620
Laptop,48236,East,1630
Monitor,63342,East,9948
Mouse,73995,North,17658
Phone,18150,East,750
Keyboard,18299,North,12465
Keyboard,53410,South,4604
Tablet,32528,North,9231
Monitor,35476,East,4083
Mouse,28422,North,1372
Keyboard,81082,West,16672
Laptop,34320,North,2323
Phone,2441,North,4806
Tablet,94533,South,6354
Phone,85590,South,14818
Tablet,72331,West,18947
Mouse,89491,West,5354
Monitor,4674,East,16611
Monitor,42717,North,15611
Laptop,16464,East,18972
Phone,38524,East,12916
Laptop,32317,West,1767
Phone,74378,North,19097
Mouse,68211,East,19214
Tablet,79958,East,9049
Mouse,71503,East,3411
Laptop,82171,North,5371
Laptop,92587,West,4298
Phone,78363,South,17240
Laptop,46695,West,11340
Mouse,87886,North,8736
Mouse,55072,South,5607
Monitor,38051,South,17528
Mouse,9997,South,3207
Monitor,5863,West,1033
Keyboard,7216,West,18955
Tablet,14095,North,19376
Monitor,1886,East,13895
Tablet,84846,North,13296
Phone,10119,South,19404
Keyboard,46205,North,10216
Mouse,83498,North,8310
Keyboard,44098,West,12961
Keyboard,99356,South,4779
Monitor,38599,North,7185
Laptop,67348,West,5541
Laptop,79972,West,11529
Keyboard,69244,West,18020
Mouse,45161,West,3566
Phone,63004,East,3335
Mouse,98825,West,15736
Phone,78351,South,6167
Tablet,27235,West,12677
Keyboard,91872,South,17058
Keyboard,92463,East,18838
Laptop,36273,East,13653
Phone,15120,West,17895
Phone,23725,West,7228
Tablet,22107,North,1404
Phone,96155,West,15400
Phone,29200,South,10596
Tablet,61650,West,8330
Laptop,48740,East,6150
Keyboard,3686,East,8308
Keyboard,2671,East,14587
Phone,11008,North,6911
Monitor,57806,West,191
Phone,68321,East,16806
Keyboard,72036,West,2988
Tablet,50996,North,4817
Mouse,60932,South,3819
Mouse,51301,North,3297
Tablet,72479,North,4147
Laptop,45127,South,15557
Mouse,82113,South,14558
Keyboard,11845,South,8763
Laptop,82097,South,2721
Mouse,23519,North,17226
Phone,23861,North,12024
Tablet,63929,South,17547
Laptop,6253,East,15453
Phone,97029,North,18403
Monitor,7995,South,15592
Monitor,31608,East,470
Laptop,32716,North,11526
Keyboard,56037,North,1162
Monitor,78219,West,5315
Monitor,71109,East,11048
Keyboard,49615,East,8311
Mouse,87626,South,8333
Laptop,67686,North,9342
Phone,84543,North,14911
Laptop,71035,South,19912
Monitor,28837,North,14713
Laptop,79037,East,9941
Phone,72676,West,18913
Laptop,90561,West,13989
Laptop,31489,South,3488
Laptop,12888,East,12508
Phone,58115,West,11108
Tablet,6878,East,276
Phone,40039,East,1902
Mouse,18114,North,18949
Tablet,38247,North,4173
Mouse,41137,East,15760
Monitor,86382,South,584
Monitor,79436,West,8789
Laptop,32135,East,15081
Monitor,25777,North,15309
Monitor,3286,North,15936
Keyboard,22446,South,19889
Mouse,70351,West,18565
Phone,37291,North,12366
Mouse,38999,South,6357
Mouse,5554,North,2127
Tablet,43601,North,15174
Mouse,40877,West,10506
Mouse,46886,South,17695
Mouse,33581,North,10472
Phone,98084,North,9961
Keyboard,72253,East,7414
Tablet,58938,South,13260
Tablet,58094,East,13694
Tablet,28038,West,10817
Tablet,35473,West,4501
Phone,86553,West,8722
Keyboard,74076,South,14648
Tablet,21833,North,2914
Keyboard,58202,East,204
Mouse,42063,North,2878
Phone,86373,West,142
Monitor,53047,West,3612
Keyboard,41917,East,791
Mouse,67236,East,5064
Phone,1399,East,430
Keyboard,26840,North,4474
Tablet,60834,South,17222
Tablet,32601,West,3795
Monitor,94306,West,123
Keyboard,96842,East,2688
Monitor,9560,South,8367
Mouse,57221,West,7388
Mouse,73565,East,10510
Phone,14189,South,12436
Keyboard,52135,South,8526
Monitor,95055,East,8821
Laptop,91038,South,5998
Monitor,11999,North,19623
Phone,68917,North,11979
Monitor,89615,South,9162
Phone,97364,North,14553
Phone,47991,East,17515
Mouse,19726,South,12868
Laptop,62968,North,17429
Laptop,7437,South,14559
Phone,27656,East,15962
Tablet,10407,West,4499
Phone,75143,North,3571
Laptop,49190,South,12087
Keyboard,89348,North,12736
Tablet,34707,South,14121
Tablet,89565,West,851
Mouse,55099,South,10388
Keyboard,51733,North,15635
Laptop,18554,South,8844
Tablet,17549,North,8886
Laptop,4611,South,6103
Mouse,63170,North,7527
Tablet,65913,East,545
Laptop,96120,North,17969
Mouse,38653,North,1768
Phone,22689,North,17550
Phone,82277,North,14986
Mouse,76748,West,13849
Mouse,42597,East,14682
Laptop,42822,East,5164
Tablet,94279,North,8872
Mouse,95893,North,14228
Tablet,26304,East,14553
Monitor,24839,East,11976
Keyboard,25593,West,1114
Monitor,73496,North,8853
Phone,96559,West,634
Tablet,23656,East,18201
Keyboard,14863,East,4306
Keyboard,66724,North,6968
Laptop,86090,East,1094
Mouse,36512,East,8408
Laptop,61232,South,2861
Keyboard,50155,East,19048
Laptop,67366,South,4130
Mouse,77322,North,1555
Keyboard,68433,North,16242
Mouse,24487,North,2324
Laptop,82668,West,2320
Mouse,43071,West,10028
Keyboard,76986,South,15052
Tablet,45786,West,13600
Phone,57385,West,14798
Monitor,59769,East,8842
Keyboard,34810,East,6809
Mouse,78092,West,17099
Phone,29425,West,9547
Monitor,88465,South,1598
Laptop,24232,North,19466
Keyboard,20173,West,14809
Mouse,87627,South,17249
Tablet,51697,South,11959
Laptop,39822,East,13190
Laptop,76224,West,4936
Mouse,84077,West,17789
Laptop,4587,North,2796
Keyboard,8612,East,5018
Laptop,69204,North,10425
Keyboard,11807,South,12490
Keyboard,1674,West,17145
Keyboard,65801,South,11534
Mouse,67622,West,12993
Phone,93119,North,7864
Monitor,23969,West,6781
Phone,89483,West,13644
Monitor,27850,South,2097
Monitor,43076,North,11395
Laptop,8661,West,5492
Mouse,62575,West,16290
Laptop,67417,North,19971
Tablet,79130,West,4666
Keyboard,17869,North,12179
Phone,14040,East,3718
Mouse,96821,North,13885
Keyboard,38377,East,1652
Keyboard,21801,West,17779
Monitor,18737,North,19197
Tablet,82884,East,168
Mouse,51390,West,17591
Keyboard,61276,East,17330
Mouse,43062,South,13413
Tablet,64963,East,2060
Tablet,73893,West,1475
Phone,15034,North,11660
Phone,89949,West,6395
Laptop,75562,South,3445
Laptop,5991,North,15683
Keyboard,2441,South,10560
Monitor,59093,South,8423
Laptop,83630,South,16920
Keyboard,51353,West,8846
Mouse,2841,South,11343
Phone,3140,North,16988
Laptop,26330,West,9340
Monitor,80357,West,12209
Laptop,40055,North,15645
Mouse,98169,South,12065
Tablet,84337,East,19014
Monitor,83775,North,16012
Monitor,90165,North,9905
Phone,28718,East,3152
Laptop,66408,East,19458
Phone,6802,North,12980
Phone,14912,West,19372
Laptop,65455,East,5419
Phone,41517,West,18327
Phone,48242,East,4393
Phone,32085,West,9495
Monitor,65332,East,2346
Mouse,98190,West,1094
Laptop,35868,South,5716
Monitor,67369,South,15250
Mouse,62984,West,2216
Tablet,61521,West,2314
Keyboard,51227,West,5833
Laptop,61983,North,18622
Mouse,5823,East,5932
Tablet,97744,East,5829
Laptop,63418,East,14577
Laptop,5698,North,18674
Monitor,57537,North,11308
Tablet,68523,North,155
Monitor,67351,West,12978
Phone,88175,North,13778
Tablet,5109,North,11457
Phone,58286,West,16366
Keyboard,55867,West,16579
Laptop,78412,North,7022
Keyboard,56691,South,274
Phone,34546,East,13928
Mouse,12016,East,14759
Mouse,26326,West,10625
Laptop,99522,East,15365
Laptop,85152,East,18709
Tablet,95917,West,9785
Mouse,16371,South,16970
Laptop,14287,West,4513
Monitor,42869,East,3864
Laptop,8110,North,7951
Tablet,36140,West,11072
Keyboard,93660,South,10975
Laptop,66882,South,2489
Phone,58104,North,10103
Phone,77894,South,7284
Phone,69915,West,11916
Monitor,1099,East,9122
Laptop,95851,East,10026
Monitor,80775,North,13003
Laptop,6239,West,3259
Keyboard,84571,South,17658
Laptop,68403,North,16864
Monitor,1315,West,541
Keyboard,11451,East,19945
Monitor,95350,South,1645
Monitor,15260,South,7863
Mouse,3119,East,8375
Keyboard,47343,East,14309
Tablet,98525,West,6816
Phone,65932,East,7905
Phone,29931,North,18238
Phone,93391,East,10717
Laptop,28188,North,14674
Tablet,10361,West,13848
Keyboard,96780,East,16637
Keyboard,53045,South,2490
Phone,83048,South,18606
Mouse,29428,South,11673
Mouse,2497,North,3229
Mouse,6417,East,18589
Mouse,64379,East,9874
Phone,11107,North,17310
Mouse,33439,South,6287
Laptop,58322,South,5107
Keyboard,36959,South,17766
Tablet,47596,East,7341
Phone,66639,West,16164
Phone,38331,East,17409
Phone,82128,East,1496
Mouse,54398,North,3280
Laptop,47841,East,10048
Phone,23488,South,19234
Monitor,32934,North,6235
Mouse,21291,East,386
Monitor,47506,East,13212
Tablet,35193,West,10930
Monitor,25432,North,16212
Laptop,66153,South,17588
Laptop,14944,South,16557
Phone,36426,North,8314
Keyboard,14754,North,3300
Laptop,86197,South,2208
Mouse,13203,East,3648
Laptop,19532,East,15625
Monitor,75801,North,17244
Laptop,14888,East,2832
Laptop,8967,East,7650
Phone,83583,West,4100
Keyboard,63147,East,11754
Mouse,68986,South,817
Keyboard,46239,East,10337
Mouse,80892,East,7774
Keyboard,67730,North,11669
Mouse,52687,West,3624
Laptop,88721,West,3455
Tablet,32487,East,12537
Mouse,20965,South,17364
Phone,38526,West,15320
Laptop,74408,South,18236
Mouse,68326,West,10938
Monitor,48024,East,16910
Monitor,2847,East,10092
Laptop,46262,South,467
Keyboard,76554,North,2766
Tablet,20380,North,3862
Phone,57500,South,12288
Monitor,18764,South,15973
Keyboard,89053,East,14210
Phone,1848,West,1382
Mouse,61705,East,17148
Mouse,81803,East,11370
Keyboard,65614,East,4153
Monitor,3070,North,13699
Mouse,6055,North,19822
Monitor,79929,East,12010
Phone,49660,South,15106
Keyboard,31208,East,18251
Monitor,99161,West,13543
Laptop,24696,West,13692
Tablet,9215,East,6925
Tablet,61601,North,6103
Keyboard,10041,East,19673
Phone,56736,South,18727
Phone,32514,South,14114
Tablet,5421,North,1191
Phone,61725,South,18099
Monitor,62799,West,2050
Keyboard,15670,North,6265
Mouse,50196,West,2519
Phone,32487,West,16066
Tablet,17294,East,5730
Phone,79423,South,9168
Keyboard,79497,East,6551
Mouse,23175,West,17590
Tablet,12117,South,271
Phone,96360,West,3543
Keyboard,5142,West,18757
Tablet,24047,East,2273
Mouse,24941,West,3226
Mouse,62492,West,774
Keyboard,84533,West,11826
Mouse,98990,West,18486
Keyboard,48782,South,4373
Monitor,73412,West,19561
Tablet,62696,South,3573
Keyboard,84352,South,6915
Phone,56885,East,625
Mouse,76781,West,13363
Keyboard,14786,South,11435
Tablet,80946,West,19027
Keyboard,13531,West,4091
Keyboard,15810,South,4417
Monitor,63631,East,14718
Keyboard,73342,West,17313
Monitor,42438,West,10960
Tablet,30599,South,10529
Mouse,92727,West,8600
Monitor,46014,West,14267
Phone,35066,East,4524
Monitor,32462,South,4503
Tablet,4518,South,15333
Phone,1728,West,6577
Monitor,27141,North,17512
Monitor,61458,South,14625
Monitor,10682,North,1985
Tablet,82123,East,9719
Mouse,33143,South,1756
Keyboard,20529,West,6780
Mouse,26478,South,6191
Mouse,37505,West,6582
Mouse,1427,East,4046
Mouse,61147,East,6371
Mouse,58250,North,6403
Phone,21735,West,19205
Laptop,19164,West,16444
Keyboard,88822,North,19696
Keyboard,1890,South,10104
Phone,75044,North,6684
Keyboard,74474,East,3283
Tablet,68931,West,8229
Tablet,53001,East,12680
Keyboard,46065,East,7470
Laptop,35884,South,17853
Monitor,34405,North,7911
Laptop,84860,East,7809
Tablet,16506,West,1140
Mouse,84536,South,9066
Monitor,17243,East,19892
Phone,83380,East,224
Phone,95224,East,7295
Mouse,24922,South,1395
Keyboard,79432,West,8384
Phone,74944,West,11524
Tablet,10193,South,12987
Phone,27900,East,8424
Monitor,74864,East,18510
Monitor,10444,North,9590
Monitor,73973,South,18309
Keyboard,60171,East,6272
Mouse,50375,South,4795
Phone,71464,North,12945
Laptop,55715,East,2847
Monitor,54757,South,11408
Keyboard,29221,North,18909
Mouse,62190,West,8250
Keyboard,87693,East,16943
Mouse,86558,South,703
Laptop,70307,North,2861
Mouse,12493,West,10200
Tablet,54939,North,9845
Monitor,54581,East,14460
Tablet,78867,South,945
Monitor,19025,West,18149
Phone,37429,West,16037
Mouse,19214,East,1241
Phone,51496,West,5679
Phone,75759,North,16793
Mouse,81926,North,8829
Monitor,20748,West,13300
Keyboard,12870,West,8510
Keyboard,31798,North,13320
Mouse,55777,West,19069
Keyboard,77953,East,903
Monitor,57869,South,18916
Phone,41486,North,1466
Tablet,81990,West,2266
Phone,70516,West,15828
Mouse,72654,West,1136
Phone,9262,North,10842
Tablet,95480,North,13540
Tablet,22983,South,6453
Keyboard,73595,West,3704
Phone,50627,North,15852
Keyboard,90980,East,16453
Tablet,12000,North,15536
Laptop,32662,East,13021
Phone,96139,North,14090
Tablet,65788,North,18794
Keyboard,31514,East,2854
Keyboard,79532,North,12224
Phone,79427,North,7925
Laptop,97105,East,6416
Tablet,90235,North,12167
Tablet,26737,West,10412
Laptop,49475,North,6677
Mouse,64162,North,3581
Keyboard,99478,West,18845
Keyboard,12390,North,17909
Phone,72680,East,17343
Phone,38055,West,13565
Monitor,63991,West,16263
Mouse,20761,West,8810
Tablet,72840,West,3293
Phone,42497,East,16550
Mouse,56628,East,9383
Tablet,38576,East,4781
Keyboard,99918,South,14944
Laptop,12969,North,17245
Laptop,88362,West,10081
Mouse,65599,North,4843
Tablet,76303,West,11261
Laptop,6306,East,4318
Laptop,44829,South,18226
Laptop,91538,East,17110
Keyboard,65982,North,6550
Laptop,19384,East,9067
Laptop,45391,South,5465
Keyboard,90326,North,15312
Keyboard,97593,East,16011
Laptop,39908,West,8821
Mouse,74884,North,19988
Monitor,9632,North,13452
Mouse,58792,South,11534
Keyboard,73537,North,15485
Phone,29081,South,4478
Mouse,97345,South,12917
Laptop,24151,North,2198
Keyboard,25852,North,3573
Laptop,45929,West,3053
Monitor,62392,East,13054
Phone,89042,North,10146
Keyboard,17094,East,13913
Phone,88955,East,18581
Phone,77303,North,6438
Laptop,61662,East,10326
Monitor,12451,South,15182
Phone,20612,West,5346
Phone,76957,North,2449
Mouse,59733,West,9943
Monitor,25066,South,3187
Phone,80209,West,1558
Mouse,15059,South,15754
Laptop,45967,East,3472
Monitor,55467,South,18247
Tablet,46504,North,10858
Phone,10199,North,3757
Laptop,56832,East,18881
Laptop,3337,West,18277
Mouse,72432,South,17497
Tablet,55196,East,5893
Tablet,58526,West,9260
Laptop,50347,North,9732
Tablet,72459,North,12424
Laptop,99438,West,11822
Mouse,36136,South,18345
Mouse,73951,West,9832
Keyboard,24512,East,13383
Laptop,15139,West,15518
Phone,61451,East,4813
Mouse,98228,East,9344
Keyboard,34045,West,2770
Laptop,68499,West,14694
Phone,81174,East,11882
Phone,2754,East,15969
Phone,31181,South,18241
Phone,87215,South,14044
Laptop,32959,West,531
Laptop,82343,East,2453
Laptop,7811,South,1854
Laptop,26711,North,6219
Phone,83179,East,16296
Tablet,81453,East,10530
Tablet,96273,East,9518
Phone,62790,West,6737
Tablet,74017,East,9390
Mouse,88854,East,405
Monitor,33555,North,12821
Keyboard,77144,North,6407
Keyboard,33322,North,7556
Keyboard,25117,West,18469
Phone,3956,West,10170
Tablet,91318,North,12260
Keyboard,60300,West,15252
Mouse,99332,East,13569
Keyboard,24066,West,11051
Laptop,56560,West,10491
Laptop,23209,North,10491
Phone,58689,East,6929
Keyboard,52852,West,3764
Phone,76011,South,8620
Tablet,23209,West,8337
Mouse,1818,West,14617
Laptop,90859,East,8105
Mouse,38313,North,6815
Keyboard,51866,West,16089
Monitor,70125,North,7696
Monitor,3762,West,17749
Mouse,73011,North,10645
Phone,61499,North,19855
Mouse,41507,West,14761
Phone,97295,East,17073
Keyboard,25933,South,4201
Tablet,70794,North,2827
Mouse,23397,West,10677
Tablet,33943,South,1357
Laptop,86590,South,4557
Laptop,4381,South,5282
Mouse,4957,North,17193
Tablet,14201,West,599
Mouse,54557,North,8861
Phone,60693,South,6385
Keyboard,22619,West,6992
Keyboard,2202,West,11047
Monitor,43706,North,15830
Tablet,13571,North,13047
Mouse,18923,East,8732
Keyboard,47463,West,19768
Tablet,25623,East,17836
Monitor,17066,South,19671
Laptop,11608,South,14129
Keyboard,57010,East,11895
Mouse,2211,North,397
Monitor,41001,South,4952
Mouse,20219,West,17620
Monitor,18209,South,14949
Monitor,33010,West,12788
Keyboard,94370,South,12651
Mouse,24785,North,10686
Mouse,88094,North,14568
Mouse,92819,South,12219
Mouse,41500,South,7067
Keyboard,13707,West,13075
Laptop,93049,West,8555
Mouse,16192,South,6636
Mouse,43003,South,12879
Keyboard,75403,North,13295
Keyboard,39570,West,18321
Laptop,59918,South,11208
Monitor,22220,East,7605
Mouse,64250,North,265
Monitor,59034,West,5745
Mouse,7810,West,7396
Mouse,39970,South,6131
Keyboard,81496,North,17664
Keyboard,23936,East,6015
Monitor,59058,East,14531
Mouse,91208,North,17916
Monitor,65559,South,6508
Keyboard,62937,South,11301
Mouse,10905,West,11784
Monitor,38362,East,10872
Monitor,30226,East,10114
Laptop,88720,North,453
Monitor,68591,East,13724
Tablet,91199,East,11413
Laptop,46748,East,4368
Phone,14379,North,752
Mouse,25536,East,19462
Mouse,29198,East,10625
Keyboard,30636,South,17527
Keyboard,59291,West,16242
Laptop,48670,South,3853
Monitor,92559,West,12738
Phone,17501,South,3003
Monitor,39619,East,6186
Tablet,8479,East,1714
Keyboard,3569,West,15491
Monitor,26561,West,329
Laptop,18178,West,16183
Phone,48863,North,6321
Mouse,29694,West,16127
Mouse,98629,South,16991
Laptop,6183,North,14835
Tablet,91524,East,17805
Keyboard,67647,East,2655
Monitor,57942,North,14972
Keyboard,59889,East,5549
Tablet,30232,East,15006
Monitor,32851,West,3142
Tablet,32471,North,6618
Monitor,65559,West,6677
Tablet,58528,West,8415
Mouse,96737,West,18254
Monitor,78860,North,19832
Keyboard,73678,East,14557
Mouse,80885,East,17907
Monitor,32328,East,19085
Monitor,95085,East,9855
Keyboard,60236,East,9724
Keyboard,89205,East,6751
Mouse,22655,North,4693
Tablet,99601,East,15121
Laptop,75196,North,588
Keyboard,34732,East,7133
Monitor,62321,West,18662
Laptop,13975,West,2422
Monitor,56895,East,18871
Laptop,5243,North,5642
Phone,75301,North,14179
Tablet,52638,East,7383
Laptop,71810,East,5616
Keyboard,64868,West,5932
Tablet,52242,North,8109
Mouse,45753,South,5882
Laptop,66696,East,4999
Laptop,3668,South,3081
Monitor,25010,North,4845
Keyboard,52971,East,13217
Keyboard,73541,South,6702
Monitor,32194,West,3250
Monitor,21908,South,10441
Mouse,87508,South,9984
Monitor,62885,North,7332
Monitor,48953,South,9004
Keyboard,80773,South,6345
Phone,30828,North,502
Keyboard,21593,South,5297
Tablet,49606,East,2253
Keyboard,34744,North,836
Mouse,92840,South,15097
Monitor,80547,South,9713
Monitor,5590,East,7833
Laptop,88450,North,1359
Laptop,61841,West,14302
Laptop,63940,West,3101
Keyboard,53704,West,19574
Laptop,5967,West,10930
Monitor,71656,East,11537
Keyboard,41795,West,2003
Mouse,99896,West,14696
Phone,64280,South,13077
Phone,81142,East,15577
Phone,81451,North,10215
Tablet,85920,South,16237
Tablet,73879,East,4500
Phone,74596,East,12455
Mouse,78995,East,5846
Keyboard,23677,West,16824
Laptop,41501,South,8219
Phone,39450,West,14358
Keyboard,99463,South,8457
Mouse,11945,East,6565
Tablet,18929,West,8516
Mouse,73855,East,11157
Mouse,56249,South,9213
Mouse,77103,North,14560
Mouse,51299,North,4768
Tablet,58479,East,3433
Laptop,62302,East,1610
Laptop,22844,South,18045
Monitor,41137,South,1033
Mouse,53670,North,14221
Tablet,59800,West,8553
Monitor,69089,South,8560
Monitor,27204,South,13752
Monitor,96591,East,8677
Monitor,98203,South,443
Phone,15330,East,15225
Mouse,51029,West,5985
Laptop,81348,East,4406
Keyboard,95278,South,7135
Monitor,78813,West,1226
Tablet,36790,North,18266
Laptop,35351,North,14068
Tablet,64800,East,3761
Tablet,85597,South,5414
Monitor,34603,West,8497
Mouse,39254,South,13822
Phone,83979,East,16078
Tablet,20555,North,16882
Phone,6244,East,10810
Mouse,19566,North,9231
Laptop,67390,South,3929
Mouse,26112,East,16693
Keyboard,80627,South,4687
Laptop,41074,East,8501
Tablet,94931,West,16702
Monitor,13286,South,695
Laptop,26303,North,8838
Tablet,80244,West,10631
Mouse,73173,East,18447
Monitor,10583,North,5432
Keyboard,6118,North,4255
Tablet,64833,South,16800
Tablet,44267,North,9338
Phone,52644,North,1497
Keyboard,83517,South,140
Monitor,88821,East,14318
Keyboard,42360,East,17772
Phone,2226,North,16277
Laptop,92667,West,15696
Tablet,2058,South,9038
Keyboard,23087,West,14627
Keyboard,59362,South,6079
Monitor,8375,North,10408
Keyboard,52986,West,4411
Laptop,46038,South,9310
Tablet,86359,East,18099
Phone,94435,West,2764
Tablet,24111,North,14194
Monitor,27805,South,12679
Mouse,75882,West,15203
Mouse,19209,South,3115
Monitor,62222,West,6263
Phone,4270,North,14572
Phone,67466,North,1118
Monitor,50091,West,19456
Tablet,14301,South,1576
Monitor,21632,West,14401
Monitor,89568,West,9473
Tablet,79362,West,6517
Tablet,65225,West,15595
Monitor,90419,West,15763
Monitor,47422,North,16495
Mouse,31500,North,19981
Keyboard,97079,North,10547
Tablet,38349,North,17221
Laptop,12924,North,4654
Monitor,34410,West,18887
Tablet,59715,West,16611
Keyboard,5772,West,8410
Mouse,99511,West,1359
Mouse,37603,North,15816
Tablet,84487,North,18650
Phone,66157,North,17208
Laptop,68119,South,3540
Mouse,60112,South,18380
Laptop,97145,North,18985
Mouse,58804,East,7761
Tablet,56587,North,1275
Tablet,40957,East,18138
Phone,56240,East,11147
Monitor,42257,North,19487
Monitor,24629,West,17392
Phone,88248,West,2579
Keyboard,14166,West,9954
Tablet,55831,South,778
Mouse,49791,West,19750
Keyboard,59785,East,3511
Mouse,41412,North,16271
Phone,54316,South,16275
Laptop,75700,North,941
Tablet,44380,North,12348
Tablet,97704,West,159
Tablet,73587,East,3948
Laptop,41701,South,18075
Laptop,16763,East,16819
Phone,83663,South,18562
Monitor,36350,North,10496
Phone,65495,East,10790
Monitor,43722,North,5435
Keyboard,72539,South,13631
Tablet,38746,East,735
Monitor,56880,East,15951
Tablet,43249,North,7916
Phone,24204,West,14110
Phone,84384,East,10930
Mouse,23093,South,15922
Keyboard,95029,East,2512
Laptop,88230,East,12098
Monitor,19893,North,1031
Keyboard,58126,West,645
Phone,81873,North,19636
Monitor,28151,South,12886
Monitor,38600,East,19344
Keyboard,29380,East,7299
Tablet,67838,East,13029
Keyboard,80457,East,5796
Mouse,21639,West,269
Monitor,17990,South,9381
Mouse,17824,South,16713
Monitor,38640,East,6715
Mouse,36808,West,8856
Mouse,29324,South,17135
Monitor,74182,South,512
Monitor,2129,East,16351
Mouse,15576,West,18987
Monitor,55097,South,14164
Keyboard,15825,West,14074
Mouse,55914,North,4780
Laptop,76670,South,10843
Tablet,99097,North,16372
Phone,79676,West,18188
Phone,55910,South,8327
Laptop,18035,East,6758
Monitor,99935,South,13755
Mouse,86798,South,17270
Phone,54423,West,12749
Phone,74293,West,14409
Laptop,85874,West,3603
Tablet,6523,North,19022
Monitor,59197,South,11419
Mouse,64531,North,6293
Mouse,96821,East,2694
Mouse,38587,West,4605
Keyboard,95497,West,9485
Monitor,6321,East,1024
Phone,29743,West,4229
Laptop,55984,West,19453
Keyboard,76611,East,2640
Keyboard,75676,East,2341
Phone,27338,North,11044
Keyboard,94927,South,16870
Mouse,33289,South,17743
Phone,56764,West,8361
Keyboard,78076,North,3593
Monitor,89165,South,17909
Keyboard,86600,West,1437
Tablet,72813,South,3637
Laptop,40766,West,14411
Tablet,69226,East,1801
Keyboard,7482,North,7080
Mouse,22246,East,19790
Tablet,69497,South,2298
Monitor,84472,North,5323
Keyboard,21661,South,18386
Phone,33693,East,3227
Monitor,92061,South,15964
Tablet,83942,West,14989
Keyboard,28956,South,9885
Mouse,88863,East,9878
Keyboard,66265,North,15402
Monitor,63842,West,4565
Laptop,16477,East,1340
Keyboard,64457,South,3845
Phone,68609,South,4665
Laptop,37819,East,7128
Mouse,24482,South,2176
Mouse,97784,South,7046
Monitor,46547,North,8874
Mouse,6084,West,19158
Mouse,64559,South,326
Mouse,29192,South,4581
Mouse,34861,South,1562
Keyboard,31724,North,19524
Keyboard,98675,South,2673
Keyboard,76092,South,15730
Phone,6653,South,164
Tablet,49788,West,1030
Monitor,20025,South,9891
Monitor,43642,East,3200
Phone,36529,North,1204
Tablet,15544,East,14881
Phone,38607,East,17097
Monitor,63766,North,962
Laptop,26026,South,17336
Phone,54719,East,203
Keyboard,65675,South,11936
Monitor,39771,South,14951
Mouse,2550,East,4673
Monitor,95585,South,1836
Tablet,85124,West,9608
Mouse,33876,South,11929
Mouse,54582,West,16480
Monitor,85194,East,2695
Laptop,55286,South,5337
Tablet,24744,West,14957
Laptop,57473,South,10919
Mouse,75932,East,2350
Laptop,38561,South,14183
Keyboard,60413,South,7732
Monitor,30915,West,4065
Monitor,1548,West,11572
Keyboard,8454,North,480
Phone,49056,South,6814
Laptop,26524,East,15085
Laptop,47366,South,10251
Laptop,56644,North,4286
Laptop,54060,East,2772
Laptop,9674,North,12129
Phone,56804,North,12243
Keyboard,48650,South,1821
Mouse,21762,East,18643
Keyboard,40720,West,6237
Monitor,53810,East,19632
Phone,22604,East,15326
Tablet,26874,West,15240
Mouse,79686,South,17910
Mouse,12559,North,7488
Mouse,74870,South,942
Tablet,49412,West,3617
Phone,2093,West,14145
Monitor,55082,West,15687
Laptop,66982,West,6376
Laptop,3114,North,2290
Tablet,15893,East,8335
Phone,99976,West,16944
Monitor,87370,South,3628
Laptop,4395,East,3204
Keyboard,84509,West,992
Tablet,59890,East,10423
Keyboard,44145,East,12227
Tablet,62047,South,18558
Monitor,49122,West,7839
Mouse,60660,East,16300
Monitor,40715,South,5032
Monitor,27209,West,17824
Keyboard,18034,South,2685
Monitor,94540,East,14637
Tablet,3851,North,6140
Mouse,3260,East,13577
Mouse,97380,East,550
Monitor,26710,North,18635
Tablet,92193,South,14689
Phone,15358,East,4518
Laptop,31878,South,9340
Monitor,24938,West,18777
Phone,25778,East,18060
Monitor,63887,East,9202
Mouse,93792,South,6815
Mouse,79539,West,13271
Phone,31543,South,14882
Tablet,27653,East,15399
Monitor,91907,South,13731
Laptop,79722,West,5306
Keyboard,5291,West,5256
Laptop,28938,South,11772
Laptop,55607,South,6603
Monitor,94036,North,1442
Monitor,49634,West,19113
Phone,82296,West,10141
Mouse,39890,South,19499
Mouse,98791,South,14142
Keyboard,85055,East,5477
Monitor,1852,South,13681
Laptop,38895,North,3394
Keyboard,40981,West,12744
Keyboard,9707,West,385
Tablet,71912,West,1817
Phone,91761,East,6687
Tablet,17882,South,10266
Mouse,60452,South,10899
Mouse,71015,West,10491
Mouse,82348,West,4890
Monitor,17591,East,3267
Tablet,25674,West,18397
Mouse,30770,East,4641
Mouse,57257,South,6657
Mouse,83398,North,17681
Laptop,76387,North,4535
Laptop,11793,North,5081
Monitor,19758,South,12002
Tablet,92220,North,7080
Keyboard,35649,South,10491
Phone,36631,West,7090
Monitor,80125,West,15862
Tablet,15169,North,7364
Laptop,26356,South,8196
Phone,55464,West,17953
Monitor,95902,North,1953
Tablet,17115,North,5881
Laptop,47244,West,3506
Laptop,67753,East,6282
Monitor,44308,West,16581
Monitor,98034,West,12401
Phone,13788,South,3583
Laptop,65077,West,7981
Mouse,63826,North,4117
Tablet,3132,South,4207
Monitor,87387,North,16861
Keyboard,76179,South,9420
Phone,47467,East,1484
Monitor,93922,West,1620
Mouse,57704,West,12169
Phone,36625,North,7587
Tablet,7626,West,8272
Laptop,52735,North,5036
Laptop,90097,East,8564
Mouse,89400,West,10392
Tablet,60398,North,7199
Tablet,74239,South,16403
Laptop,73359,East,7945
Monitor,68915,South,6571
Monitor,26430,West,19596
Monitor,40872,North,13616
Tablet,57661,East,10929
Keyboard,11451,West,7395
Keyboard,83304,South,10550
Keyboard,89657,East,13484
Laptop,84691,South,1745
Laptop,53609,East,16058
Laptop,75960,East,19784
Monitor,65502,South,17009
Laptop,4271,South,16914
Mouse,5242,West,9719
Monitor,83411,North,15743
Keyboard,82185,West,17306
Monitor,50764,West,8977
Laptop,17237,West,11148
Monitor,87759,North,14390
Mouse,30570,West,11011
Laptop,74452,East,17278
Tablet,20736,South,19321
Tablet,48973,North,19918
Laptop,91446,West,9900
Mouse,72866,West,13346
Laptop,64499,South,14780
Keyboard,22808,North,8093
Monitor,80730,West,6563
Tablet,21182,South,16965
Tablet,20403,West,11772
Laptop,63474,East,5079
Laptop,78391,West,4964
Keyboard,43442,South,9052
Laptop,83412,South,15218
Mouse,53027,East,11705
Tablet,37555,West,4091
Mouse,69155,West,4365
Mouse,78315,South,16395
Tablet,15396,South,15359
Tablet,16101,North,19393
Mouse,81938,West,18857
Phone,99281,West,15353
Laptop,99897,West,10851
Laptop,73394,East,11800
Monitor,96851,West,10557
Mouse,39155,West,15126
Tablet,60479,East,13994
Monitor,74681,South,4867
Laptop,1082,South,6011
Monitor,36043,North,9431
Monitor,33107,East,10230
Keyboard,61812,West,5031
Monitor,28610,East,10675
Phone,99963,South,17546
Monitor,73990,West,10296
Keyboard,21497,East,580
Tablet,73919,West,6553
Phone,5513,South,11748
Laptop,87402,West,9205
Monitor,10685,East,4121
Mouse,20735,North,5670
Mouse,63269,East,17521
Tablet,91356,North,437
Laptop,89430,West,3108
Monitor,80317,North,16334
Tablet,73664,West,18739
Mouse,73437,East,13077
Mouse,21816,West,4732
Keyboard,3785,South,13227
Keyboard,24759,South,15641
Keyboard,14367,North,10040
Monitor,52532,South,2263
Mouse,61834,West,8080
Laptop,59412,West,10377
Phone,59795,North,6986
Phone,83768,South,7197
Tablet,36605,West,14632
Phone,3829,North,8812
Monitor,69307,North,9582
Keyboard,89247,North,16707
Keyboard,28546,South,17440
Phone,78741,East,4153
Mouse,16515,South,13520
Phone,68178,East,16606
Mouse,23004,West,12403
Phone,2515,North,10090
Mouse,89182,West,1122
Monitor,26076,North,17601
Keyboard,71642,West,10526
Laptop,15009,South,4824
Tablet,64923,South,19292
Phone,29666,East,7451
Tablet,84618,North,19274
Phone,14264,East,285
Monitor,2657,North,16880
Tablet,37626,North,5952
Monitor,72985,East,11672
Phone,36059,South,12183
Laptop,12808,South,2427
Monitor,50562,West,11276
Keyboard,15250,West,5673
Laptop,44367,East,18806
Monitor,12775,North,4328
Tablet,34303,West,12936
Monitor,40333,West,2506
Keyboard,69378,South,5118
Tablet,20461,South,17526
Tablet,43640,East,6123
Keyboard,37026,South,10237
Mouse,19005,West,5487
Laptop,55543,East,13693
Keyboard,78134,West,18483
Phone,43300,West,1087
Phone,10596,East,6864
Keyboard,31019,North,9023
Mouse,71681,North,14078
Phone,75100,East,9429
Monitor,63503,West,2337
Keyboard,59989,East,19619
Tablet,51798,West,11782
Keyboard,29482,South,2529
Keyboard,86720,North,13012
Tablet,48746,South,18862
Tablet,87451,South,9897
Tablet,88357,North,13760
Laptop,16163,North,18345
Phone,16087,East,9349
Laptop,60101,West,3215
Keyboard,11591,East,1586
Laptop,38117,East,13571
Monitor,16813,North,14062
Phone,74986,North,955
Laptop,45208,North,6296
Keyboard,86849,North,14894
Phone,14895,South,7119
Monitor,17994,North,6114
Tablet,85819,East,6105
Keyboard,42138,South,7520
Phone,62455,South,13979
Phone,39950,South,18268
Mouse,29428,North,2730
Laptop,9804,North,10465
Laptop,37105,East,14291
Tablet,86869,West,19986
Mouse,32123,North,690
Phone,16173,South,5938
Phone,8513,East,5743
Keyboard,51776,South,18877
Keyboard,76100,West,8413
Mouse,34538,South,14424
Phone,97416,South,9798
Keyboard,91989,West,13850
Tablet,37047,East,13147
Phone,75110,West,6070
Laptop,31554,South,2875
Monitor,95631,West,17112
Tablet,55282,West,9153
Laptop,6929,West,6764
Tablet,69378,West,789
Phone,4970,East,17600
Keyboard,81805,East,4642
Laptop,88880,North,3653
Keyboard,17099,East,12409
Mouse,63214,East,10724
Mouse,9932,West,18134
Monitor,88431,West,10751
Tablet,33719,South,11906
Mouse,42139,East,14718
Tablet,17967,North,14242
Laptop,32872,North,7687
Tablet,65607,North,19090
Mouse,33762,East,2554
Monitor,38563,West,4969
Tablet,64482,North,12463
Tablet,43752,South,4377
Monitor,71439,East,13851
Laptop,82597,East,4938
Mouse,58262,West,10914
Monitor,89854,West,9605
Monitor,73441,South,1208
Tablet,50648,North,11099
Keyboard,31858,North,3221
Keyboard,89810,South,9503
Keyboard,4812,West,19451
Keyboard,92440,West,3374
Keyboard,59041,West,127
Monitor,43655,West,18940
Keyboard,98155,North,11380
Tablet,92935,North,15442
Laptop,18347,East,8345
Tablet,2751,West,5478
Phone,37283,West,18294
Monitor,59550,North,15923
Mouse,32555,South,2252
Phone,95080,East,10220
Laptop,76369,East,14360
Mouse,22377,West,13523
Mouse,61663,East,8753
Tablet,10805,West,5674
Keyboard,97454,South,5063
Laptop,37817,North,19316
Mouse,42252,South,19614
Monitor,6282,North,5018
Keyboard,37392,North,15526
Laptop,26408,North,1789
Laptop,93267,South,6695
Laptop,99159,East,12175
Monitor,35208,West,15490
Monitor,17240,West,6313
Monitor,62981,East,14518
Phone,11695,North,1708
Mouse,85755,West,6343
Phone,27275,North,6180
Mouse,31644,South,10970
Keyboard,67085,East,6570
Tablet,94662,South,19312
Laptop,77080,East,9405
Phone,5816,North,9472
Mouse,43212,West,14319
Keyboard,14217,South,7656
Mouse,17992,South,19060
Monitor,36878,West,18055
Laptop,69828,South,785
Tablet,60780,East,3738
Keyboard,36850,West,11860
Laptop,17307,East,4616
Phone,27399,South,14870
Monitor,15222,East,19263
Laptop,77094,East,4556
Phone,69895,North,7379
Laptop,17261,South,870
Keyboard,35314,West,10124
Keyboard,43522,East,2903
Phone,80442,West,16647
Mouse,59428,West,4674
Phone,13653,North,5344
Tablet,92105,East,658
Laptop,94196,East,14889
Tablet,65063,West,14146
Keyboard,52804,West,4908
Phone,39203,West,7614
Keyboard,95215,East,11105
Monitor,95239,East,19451
Mouse,63630,North,14483
Laptop,83805,South,5138
Laptop,22203,North,15127
Laptop,28469,South,652
Phone,69231,South,18944
Keyboard,37412,West,5942
Tablet,92048,North,8939
Mouse,30302,South,15403
Phone,72951,East,9090
Keyboard,33065,West,15721
Monitor,1092,North,18039
Phone,72807,South,8251
Mouse,54851,North,7390
Monitor,88020,West,9595
Tablet,59973,South,7857
Monitor,68216,North,269
Keyboard,15117,South,824
Tablet,74488,North,680
Monitor,10209,North,1455
Mouse,11982,North,4303
Monitor,85805,North,16755
Mouse,98763,West,17054
Keyboard,1660,East,17244
Mouse,88518,West,8733
Tablet,88849,North,1899
Monitor,58760,East,6729
Keyboard,4482,West,6199
Phone,46251,West,7521
Tablet,3651,East,18482
Monitor,35791,South,4607
Keyboard,95604,South,18077
Tablet,47091,South,6747
Tablet,55902,North,18527
Tablet,17986,North,18084
Mouse,76676,West,8916
Mouse,65413,East,5192
Tablet,56920,North,17712
Mouse,79551,West,8428
Phone,91666,South,18518
Keyboard,22204,South,15384
Phone,30707,South,18384
Monitor,17877,West,5243
Mouse,21658,North,7011
Keyboard,70314,South,205
Keyboard,94936,South,485
Mouse,16719,East,1028
Tablet,44943,North,18355
Phone,22557,East,13292
Mouse,21618,North,5505
Tablet,18052,South,6001
Mouse,29367,South,5137
Keyboard,45752,West,14174
Monitor,76993,North,4908
Monitor,28041,South,18052
Monitor,45352,West,6284
Mouse,32923,North,10471
Tablet,22614,South,9984
Tablet,76021,South,13476
Keyboard,83680,South,5016
Phone,59054,West,2970
Mouse,62413,West,10623
Monitor,20243,West,10685
Tablet,39835,East,4324
Tablet,11263,East,12376
Phone,82217,West,11245
Tablet,21524,West,6241
Laptop,27875,South,8980
Laptop,98007,South,11575
Monitor,3723,West,8441
Monitor,43316,East,12724
Mouse,54903,East,3507
Mouse,40464,North,600
Keyboard,84497,East,2223
Tablet,25910,North,776
Keyboard,48098,East,5976
Phone,32035,West,15145
Mouse,88848,East,14373
Monitor,38407,North,14685
Laptop,80710,West,17497
Keyboard,67942,South,575
Keyboard,85075,North,4710
Keyboard,20907,West,10541
Mouse,75486,West,1625
Laptop,67173,East,15614
Monitor,40849,West,7802
Monitor,57350,East,17453
Laptop,51658,East,10311
Phone,85169,North,11829
Phone,9289,East,12442
Mouse,95358,South,10931
Tablet,95305,North,9845
Keyboard,41248,South,11333
Keyboard,8619,North,4958
Phone,97030,South,3334
Laptop,94923,East,13381
Keyboard,36086,South,3524
Laptop,97488,West,6359
Laptop,16093,South,13859
Laptop,67054,East,13806
Tablet,14180,South,550
Tablet,17798,West,18267
Tablet,52558,East,13899
Keyboard,49443,East,13208
Keyboard,47339,West,10747
Keyboard,41360,North,6769
Phone,55768,South,10562
Keyboard,90099,North,286
Laptop,66612,North,18642
Keyboard,69182,South,12658
Laptop,78087,South,9757
Laptop,71577,North,2918
Mouse,84361,South,12782
Monitor,15351,North,14118
Keyboard,79519,West,13739
Laptop,44132,East,9784
Tablet,34581,North,8676
Tablet,16559,East,5899
Phone,40371,North,19853
Laptop,15406,South,279
Monitor,84841,North,19953
Laptop,26625,East,10880
Laptop,69422,South,6598
Mouse,1755,North,9864
Phone,68407,West,8353
Tablet,16643,East,1410
Mouse,37439,West,13618
Phone,80249,East,18623
Keyboard,47007,North,11687
Tablet,33191,East,1528
Phone,46074,South,12410
Mouse,21264,South,15602
Laptop,12572,North,13475
Phone,20332,South,7473
Monitor,36576,East,4626
Mouse,68031,East,12389
Laptop,63191,North,8496
Monitor,20642,East,1492
Monitor,72070,North,18019
Mouse,68569,South,12014
Monitor,49923,West,14355
Mouse,32031,North,10662
Mouse,7156,West,19675
Phone,37705,North,2008
Monitor,60103,South,8638
Keyboard,65199,North,18180
Monitor,22122,West,515
Phone,99494,East,6629
Monitor,75398,West,5040
Laptop,99706,West,3867
Monitor,87492,North,3880
Monitor,62651,West,1597
Phone,44238,North,9628
Phone,23592,East,4943
Keyboard,73189,South,1001
Laptop,33471,West,725
Phone,17435,South,17937
Monitor,1546,East,4443
Monitor,18085,East,2087
Mouse,47946,East,4741
Keyboard,29832,East,3585
Monitor,43028,West,11769
Laptop,31844,North,312
Tablet,6868,North,7605
Tablet,82392,West,8198
Phone,41447,West,12502
Phone,97491,North,13729
Keyboard,80413,South,8649
Mouse,46923,West,18502
Keyboard,50660,East,12612
Monitor,42579,West,7392
Keyboard,86339,West,4453
Keyboard,80171,South,11832
Mouse,5503,West,4527
Mouse,58313,East,9864
Keyboard,27398,West,697
Laptop,46138,South,605
Laptop,84862,East,13756
Tablet,53354,East,16672
Keyboard,2630,North,15371
Monitor,93921,West,14837
Keyboard,88177,South,7212
Mouse,56971,West,17781
Mouse,27246,West,14950
Laptop,20046,East,18155
Mouse,57913,West,10570
Phone,13091,West,3698
Mouse,70140,North,13270
Keyboard,86044,South,1270
Monitor,49030,North,14032
Monitor,90947,East,193
Laptop,33456,East,12227
Mouse,77579,South,11880
Phone,27270,East,6688
Mouse,39660,East,18649
Laptop,38370,North,6329
Phone,39009,West,12504
Mouse,8633,East,16581
Keyboard,19999,North,3523
Keyboard,92608,North,13666
Phone,70705,North,12832
Laptop,93688,East,16959
Tablet,44007,South,9092
Laptop,41595,East,10355
Mouse,29534,West,18304
Tablet,49211,South,9851
Keyboard,58620,North,6853
Laptop,65383,North,18830
Keyboard,62736,East,13138
Monitor,6464,East,11725
Phone,91187,East,1397
Laptop,2911,West,9617
Phone,95906,South,19636
Tablet,42438,West,12367
Monitor,26152,South,12090
Laptop,57296,South,16040
Laptop,92034,North,18318
Mouse,3300,West,15817
Mouse,46124,East,13114
Laptop,18830,South,18519
Laptop,97311,North,8813
Tablet,2268,West,19677
Keyboard,79056,North,13340
Keyboard,39454,East,18224
Phone,21245,North,18793
Laptop,71561,North,14786
Mouse,85714,South,17502
Mouse,99164,South,13525
Keyboard,48085,South,8540
Monitor,81451,East,7954
Mouse,22715,West,12688
Mouse,62451,South,18366
Keyboard,85581,North,10257
Keyboard,77880,North,6345
Tablet,9737,West,4890
Tablet,1307,North,15625
Mouse,71723,West,5715
Phone,46574,North,2576
Keyboard,70996,North,18977
Monitor,28893,West,18355
Mouse,35463,West,3555
Phone,45689,South,16390
Monitor,85220,South,15776
Tablet,13550,East,15325
Tablet,30937,North,14964
Keyboard,58399,North,9294
Laptop,56567,North,16127
Phone,84454,North,2598
Phone,81591,East,7736
Tablet,65437,West,8826
Phone,65410,South,13944
Tablet,17028,East,3741
Mouse,15576,North,17850
Keyboard,6164,North,1442
Laptop,76584,North,9652
Phone,4411,West,9189
Keyboard,8676,East,11803
Keyboard,1897,South,707
Keyboard,38375,East,3272
Monitor,61377,East,10168
Laptop,7481,West,6606
Monitor,35245,South,7666
Mouse,20754,North,16793
Phone,63432,South,18833
Monitor,10531,North,10768
Laptop,56364,West,14955
Mouse,43877,West,19795
Mouse,58454,South,18734
Keyboard,34684,North,2206
Phone,98134,West,11158
Phone,52105,West,389
Tablet,50576,East,315
Phone,77263,North,6289
Monitor,29047,West,11144
Laptop,7472,West,9450
Laptop,38624,North,12762
Phone,34682,West,3929
Tablet,25614,East,3241
Keyboard,25307,West,7630
Mouse,73448,East,15499
Tablet,16871,North,16315
Mouse,58916,East,14654
Keyboard,89347,South,8636
Laptop,74349,East,7654
Tablet,41563,West,1515
Mouse,19720,South,4412
Tablet,26518,South,19908
Phone,64494,West,16260
Laptop,84415,West,11123
Phone,71083,North,12215
Keyboard,45967,West,16838
Tablet,9660,North,4707
Mouse,28956,East,12099
Phone,16873,South,1149
Laptop,70428,North,17974
Phone,50813,West,1522
Mouse,49736,East,18853
Tablet,4502,North,16517
Keyboard,47334,West,17109
Phone,10779,North,165
Monitor,82268,South,6373
Tablet,13749,West,13605
Monitor,53330,East,19119
Mouse,88441,East,6558
Laptop,13255,North,13539
Phone,95816,South,19809
Keyboard,93194,South,8519
Phone,23927,South,9494
Laptop,82776,East,18605
Keyboard,40263,West,3589
Tablet,65000,West,9775
Phone,96825,East,110
Tablet,58407,West,13370
Keyboard,18160,South,3294
Mouse,67561,East,17714
Laptop,63257,West,14775
Phone,20658,South,17648
Mouse,70363,South,5984
Keyboard,18062,East,14919
Phone,73982,North,10899
Mouse,86206,North,9451
Monitor,65692,East,19311
Tablet,57818,North,243
Tablet,51887,West,837
Tablet,14751,North,15748
Phone,41477,South,12937
Keyboard,22720,North,19425
Mouse,40709,West,3199
Tablet,93572,West,9887
Laptop,16002,North,8223
Phone,23588,East,13371
Laptop,85086,East,1796
Laptop,20794,East,5416
Monitor,84088,South,15973
Phone,57513,North,17030
Phone,98038,West,14693
Keyboard,1306,South,12428
Monitor,20378,North,12577
Laptop,21201,South,3518
Tablet,46519,West,6604
Laptop,41149,South,14267
Keyboard,85636,West,17399
Phone,73137,West,13626
Tablet,22973,East,10147
Phone,36254,South,15522
Tablet,52697,East,3614
Mouse,6799,West,5930
Keyboard,45299,East,2557
Phone,43767,West,14583
Monitor,79726,North,10562
Mouse,58030,East,18369
Monitor,36552,South,17737
Monitor,5569,North,11080
Mouse,53391,North,12711
Phone,96428,East,12666
Mouse,95425,West,4575
Monitor,55564,North,3755
Laptop,54165,West,1501
Monitor,79220,North,11840
Tablet,10268,East,4176
Laptop,86302,North,4751
Phone,51106,West,18677
Phone,36265,East,14397
Laptop,59443,South,14987
Mouse,54505,South,2510
Mouse,65553,West,11589
Laptop,3094,North,18138
Keyboard,39251,North,2502
Mouse,67920,East,17521
Tablet,35176,South,14132
Mouse,15346,West,2765
Monitor,54690,North,13500
Mouse,72986,North,2605
Tablet,79545,South,19318
Mouse,55506,South,381
Mouse,54905,East,6260
Phone,53645,North,15987
Mouse,78466,East,19279
Laptop,68682,West,875
Tablet,57874,South,14784
Laptop,77471,South,314
Laptop,49290,North,3047
Monitor,72342,South,16644
Mouse,39512,West,18954
Tablet,99984,East,2364
Phone,16229,West,495
Keyboard,26471,East,19568
Keyboard,47433,North,2054
Laptop,2367,South,10120
Mouse,73896,East,10233
Keyboard,6658,West,14425
Phone,54047,East,1256
Mouse,19899,East,16171
Keyboard,68079,East,1277
Monitor,67018,East,1142
Tablet,50063,West,7715
Laptop,12697,West,6130
Tablet,4393,West,19585
Phone,80724,East,15791
Phone,46720,East,3334
Laptop,25701,East,19327
Laptop,36082,West,5180
Laptop,56345,South,7524
Monitor,22182,West,1377
Tablet,92590,West,4255
Mouse,21336,East,15115
Laptop,13257,North,460
Laptop,14164,North,11578
Keyboard,21946,East,13825
Phone,69031,South,12012
Monitor,41165,East,13305
Tablet,7246,South,9308
Phone,13084,East,6667
Mouse,52825,East,16453
Laptop,47742,North,3434
Monitor,11845,East,14298
Phone,39262,North,14118
Laptop,96654,North,10145
Keyboard,57502,North,3236
Monitor,57005,North,5516
Tablet,55248,East,10622
Keyboard,32693,West,10079
Tablet,22958,South,18790
Tablet,65069,East,19411
Monitor,59422,South,7326
Mouse,40618,South,12226
Monitor,2082,South,9859
Monitor,81080,West,16270
Phone,26414,North,11835
Monitor,37325,West,17179
Mouse,63479,South,2508
Monitor,10971,West,690
Mouse,87429,West,12677
Mouse,40455,South,17634
Tablet,64914,North,9392
Monitor,88126,South,17579
Tablet,65212,East,5080
Keyboard,38228,East,19909
Monitor,84322,West,18163
Mouse,45874,East,7086
Tablet,14932,South,7722
Phone,33944,North,12578
Laptop,85750,East,7428
Monitor,14391,South,14541
Monitor,60945,West,1277
Keyboard,79459,South,11024
Monitor,79628,West,10410
Phone,16256,West,10098
Tablet,95614,West,16624
Mouse,91488,East,15105
Phone,64050,East,9642
Keyboard,65434,West,3151
Tablet,11789,South,5846
Phone,60994,East,2705
Keyboard,64896,South,9533
Laptop,38912,East,18502
Keyboard,12974,West,17406
Monitor,76384,South,14044
Phone,57693,North,14054
Mouse,2012,West,18721
Laptop,37603,East,11178
Mouse,32222,South,3193
Mouse,7633,West,8250
Mouse,60170,North,5337
Laptop,52798,West,13145
Keyboard,90753,South,10629
Mouse,38058,South,6457
Tablet,10555,North,13185
Mouse,58604,West,16303
Tablet,95156,South,931
Tablet,65420,South,7305
Mouse,39139,East,1818
Laptop,68653,North,13396
Tablet,12089,West,19307
Mouse,93353,East,17477
Mouse,94527,South,297
Laptop,49941,East,496
Tablet,60075,North,16576
Tablet,11326,East,4432
Mouse,27142,West,8567
Laptop,61563,East,11239
Mouse,5826,South,8807
Monitor,47167,South,15042
Tablet,34083,North,8287
Laptop,43263,South,17111
Phone,18068,South,4767
Tablet,70352,South,7444
Keyboard,46087,East,744
Phone,90778,North,5983
Tablet,45058,North,8091
Phone,10514,East,12456
Laptop,76321,East,14248
Mouse,73306,West,3794
Mouse,76202,South,5505
Laptop,29479,North,12948
Laptop,51742,North,12871
Monitor,58156,South,17718
Phone,43412,East,2502
Phone,73757,West,1650
Laptop,55459,East,19236
Laptop,74684,North,18394
Mouse,15859,South,15386
Phone,27726,West,17270
Keyboard,30912,North,8807
Keyboard,98152,West,5073
Phone,89266,North,6836
Tablet,97546,East,10937
Phone,41223,South,18447
Phone,40286,North,13024
Keyboard,91966,West,13472
Keyboard,70998,East,4249
Tablet,52018,North,4305
Mouse,98215,North,10753
Keyboard,69616,North,19967
Keyboard,67123,South,11642
Phone,4272,East,18755
Monitor,88936,South,19734
Mouse,7887,East,2800
Keyboard,84345,South,8074
Tablet,82574,South,6630
Laptop,29470,West,6377
Mouse,98103,West,15499
Laptop,45628,East,11997
Tablet,30390,East,567
Phone,92530,North,879
Tablet,51772,South,10128
Laptop,95593,North,2035
Laptop,64586,East,18732
Monitor,25161,North,13999
Monitor,52548,North,8379
Keyboard,63582,South,17672
Phone,50468,East,15529
Phone,22513,South,1657
Tablet,55519,South,10998
Keyboard,38546,East,9078
Tablet,85101,East,378
Laptop,1332,East,1361
Keyboard,80646,West,5537
Keyboard,91453,North,5934
Phone,38995,West,16417
Phone,35274,North,12665
Laptop,41830,West,9891
Keyboard,5340,East,11837
Laptop,34241,West,15742
Phone,80563,North,5295
Phone,30658,West,4746
Tablet,1109,East,5527
Keyboard,24977,West,3550
Mouse,73211,North,6235
Phone,6982,North,5490
Monitor,70789,South,5715
Monitor,71643,North,15311
Monitor,63218,East,8164
Monitor,16826,East,3887
Phone,32102,East,19584
Mouse,51091,North,11015
Mouse,7614,North,3856
Phone,52614,North,8850
Phone,42140,North,8427
Mouse,37780,East,13990
Mouse,35550,East,14336
Laptop,94674,East,4370
Keyboard,9149,West,13238
Monitor,56764,East,19775
Keyboard,8426,North,18429
Tablet,21485,North,16037
Mouse,29310,North,3322
Monitor,45920,West,13095
Mouse,45334,West,3370
Tablet,78650,East,8058
Mouse,46790,South,1958
Monitor,45950,South,4205
Mouse,42710,South,5424
Monitor,51562,West,3114
Tablet,46102,South,5294
Laptop,99314,North,1106
Tablet,34054,North,4591
Monitor,54478,South,17179
Phone,68394,East,10144
Phone,47608,East,5054
Monitor,70726,West,13944
Laptop,69979,West,17844
Phone,53087,North,3151
Keyboard,30085,South,1262
Keyboard,28710,West,5829
Keyboard,33595,South,12210
Keyboard,57950,South,11722
Keyboard,14834,North,17777
Phone,56062,North,8867
Laptop,61087,East,18664
Phone,67716,South,3630
Tablet,55831,East,6374
Tablet,69675,East,12559
Keyboard,4040,East,8944
Tablet,91250,West,12506
Keyboard,37284,North,12999
Mouse,20699,East,7084
Monitor,87119,South,12825
Phone,67455,West,646
Tablet,24047,East,6619
Laptop,21793,East,18219
Monitor,51158,North,5873
Phone,25139,North,1385
Tablet,69152,South,11137
Tablet,51168,West,18007
Phone,11505,North,10315
Tablet,77710,East,11606
Phone,90376,North,11058
Keyboard,69388,South,16521
Phone,34065,South,16448
Keyboard,58618,South,6269
Keyboard,80185,East,19777
Monitor,8229,West,9585
Keyboard,44689,South,8343
Tablet,55410,South,8740
Laptop,77606,South,11944
Monitor,61692,East,12217
Mouse,75372,North,19694
Monitor,23444,East,14183
Monitor,97936,East,19022
Monitor,67926,East,7366
Mouse,98388,South,3579
Phone,30999,South,17103
Monitor,2146,North,11099
Keyboard,55382,East,17215
Phone,53923,West,2903
Mouse,4620,South,16725
Phone,19918,East,2851
Laptop,51175,North,1839
Tablet,4733,South,9635
Tablet,37352,West,10722
Phone,25028,South,3815
Phone,50888,North,9958
Tablet,15339,South,12111
Phone,75588,North,1262
Keyboard,77626,West,7553
Keyboard,98409,West,4534
Phone,12444,West,4947
Phone,23849,East,5148
Monitor,74309,South,10890
Tablet,91213,North,14680
Phone,20065,East,5696
Tablet,38304,East,14894
Tablet,72584,South,4658
Tablet,75676,South,8407
Mouse,74302,North,14507
Monitor,4593,North,11854
Tablet,39065,East,3559
Monitor,60066,North,5932
Mouse,39148,East,5611
Laptop,98186,North,1602
Monitor,19550,East,1809
Keyboard,53862,West,1562
Keyboard,65257,East,17226
Mouse,58734,East,6327
Keyboard,24613,West,2231
Laptop,83105,West,10642
Keyboard,12825,West,15702
Laptop,36637,South,11913
Phone,10799,North,11667
Phone,96881,North,15149
Laptop,32052,East,5981
Laptop,8808,North,13841
Keyboard,11381,West,1078
Laptop,64498,South,14742
Mouse,80403,South,18822
Tablet,73913,North,6298
Phone,65686,East,12597
Monitor,43465,South,5823
Keyboard,8684,West,12541
Mouse,3570,East,14590
Tablet,1306,West,3247
Phone,75899,West,13006
Mouse,88071,South,9048
Laptop,41202,South,7266
Phone,88670,South,12286
Mouse,59244,East,5283
Tablet,34087,South,19797
Keyboard,15439,East,1802
Mouse,92052,North,15529
Monitor,75589,West,6292
Mouse,52475,East,12535
Tablet,92017,West,10902
Tablet,3776,North,17737
Tablet,89831,East,6645
Phone,41798,East,7792
Laptop,63372,East,1607
Tablet,66047,East,19467
Phone,57190,East,1058
